text,label,is_clickbait,doc_id
"4 Top 7 paslaptys, kurias įmonės nenori, kad žinotumėte — Read more",clickbait,1,ID_0
28 Coach explains new defensive tactics after the game,sports,0,ID_1
"Top 7 paslaptys, kurias įmonės nenori, kad žinotumėte — You won't believe it (Berlin)",clickbait,1,ID_2
88 Open-source libraries accelerate machine learning workflows analitikų teigimu,tech,0,ID_3
31 Local team wins national championship in overtime,sports,0,ID_4
85 Local team wins national championship in overtime,sports,0,ID_5
Top 7 secrets companies don't want you to know — Number 5 is shocking (London),clickbait,1,ID_6
66 Atviro kodo bibliotekos pagreitina mašininio mokymosi procesus,tech,0,ID_7
79 Didelė saugumo spraga paveikė milijonus vartotojų dėl rinkos reakcijos,tech,0,ID_8
10 Kaip pagreitinti kompiuterį paprastais triukais,tech,0,ID_9
54 Major security breach affects millions of users worldwide po pranešimo (Paris),tech,0,ID_10
93 Star player signs a multi-year contract with club,sports,0,ID_11
91 Messi įmušė įspūdingą įvartį Lygų taurėje,sports,0,ID_12
41 She did X — what happens next will shock you (Paris),clickbait,1,ID_13
62 Coach explains new defensive tactics after the game,sports,0,ID_14
Apple unveils a new iPhone with advanced camera and AI features (Berlin),tech,0,ID_15
"24 Ji padarė X — kas nutiks toliau, pribloškia",clickbait,1,ID_16
16 Treneris aiškino naują gynybos taktiką po rungtynių,sports,0,ID_17
Didelė saugumo spraga paveikė milijonus vartotojų — analysts say (Vilnius),tech,0,ID_18
You won't believe what happened next — You won't believe it (London),clickbait,1,ID_19
42 Start-up raises $50 million to scale its AI platform,tech,0,ID_20
74 This trick will change your life forever,clickbait,0,ID_21
She did X — what happens next will shock you — Find out why,clickbait,1,ID_22
Vietos komanda laimėjo nacionalinį čempionatą pratęsimuose in a surprise move (Madrid),sports,0,ID_23
65 Atviro kodo bibliotekos pagreitina mašininio mokymosi procesus,tech,0,ID_24
"14 Top 7 paslaptys, kurias įmonės nenori, kad žinotumėte — Read more",clickbait,1,ID_25
9 Messi įmušė įspūdingą įvartį Lygų taurėje,sports,0,ID_26
74 Žvaigždė pasirašė daugiametę sutartį su klubu,sports,0,ID_27
Treneris aiškino naują gynybos taktiką po rungtynių dėl rinkos reakcijos (London),sports,0,ID_28
"45 Central bank cuts rates, markets rally on dovish guidance in a surprise move",finance,0,ID_29
Šis triukas pakeis jūsų gyvenimą amžiams — Number 5 is shocking (New York),clickbait,1,ID_30
29 Messi įmušė įspūdingą įvartį Lygų taurėje,sports,0,ID_31
23 Analysts predict record profits for the banking sector dėl rinkos reakcijos (London),finance,0,ID_32
10 Žvaigždė pasirašė daugiametę sutartį su klubu amid concerns (New York),sports,0,ID_33
7 Startuolis pritraukė 50 mln. USD DI platformos plėtrai po pranešimo (Paris),tech,0,ID_34
Local team wins national championship in overtime after report,sports,0,ID_35
19 Startuolis pritraukė 50 mln. USD DI platformos plėtrai (New York),tech,0,ID_36
7 Messi scores a stunning goal in the Champions League match,sports,0,ID_37
31 Kaip pagreitinti kompiuterį paprastais triukais,tech,0,ID_38
Apple unveils a new iPhone with advanced camera and AI features — analysts say (Kaunas),tech,0,ID_39
33 This trick will change your life forever,clickbait,1,ID_40
38 Top 7 secrets companies don't want you to know (London),clickbait,0,ID_41
62 10 reasons you should never buy this gadget (Berlin),clickbait,1,ID_42
29 You won't believe what happened next,clickbait,1,ID_43
Atviro kodo bibliotekos pagreitina mašininio mokymosi procesus dėl rinkos reakcijos,tech,0,ID_44
31 Treneris aiškino naują gynybos taktiką po rungtynių amid concerns (London),sports,0,ID_45
49 Top 7 secrets companies don't want you to know,clickbait,0,ID_46
Coach explains new defensive tactics after the game po pranešimo (Kaunas),sports,0,ID_47
92 Local team wins national championship in overtime,sports,0,ID_48
23 „Apple“ pristatė naują iPhone su pažangia kamera ir DI funkcijomis (Kaunas),tech,0,ID_49
38 Žvaigždė pasirašė daugiametę sutartį su klubu,sports,0,ID_50
29 Coach explains new defensive tactics after the game,sports,0,ID_51
28 Transfer rumors suggest a record deal for the young striker,sports,0,ID_52
58 Apple unveils a new iPhone with advanced camera and AI features,tech,0,ID_53
55 You won't believe what happened next,clickbait,0,ID_54
"59 Ji padarė X — kas nutiks toliau, pribloškia",clickbait,1,ID_55
96 Didelė saugumo spraga paveikė milijonus vartotojų after report,tech,0,ID_56
87 10 reasons you should never buy this gadget,clickbait,0,ID_57
Start-up raises $50 million to scale its AI platform (New York),tech,0,ID_58
92 Treneris aiškino naują gynybos taktiką po rungtynių (Paris),sports,0,ID_59
Vietos komanda laimėjo nacionalinį čempionatą pratęsimuose (Vilnius),sports,0,ID_60
Apple unveils a new iPhone with advanced camera and AI features (London),tech,0,ID_61
Coach explains new defensive tactics after the game — analysts say (Vilnius),sports,0,ID_62
"58 Ji padarė X — kas nutiks toliau, pribloškia",clickbait,1,ID_63
23 10 reasons you should never buy this gadget,clickbait,1,ID_64
Major security breach affects millions of users worldwide after report (New York),tech,0,ID_65
Stock market falls amid inflation concerns dėl rinkos reakcijos,finance,0,ID_66
36 Atviro kodo bibliotekos pagreitina mašininio mokymosi procesus,tech,0,ID_67
6 „Apple“ pristatė naują iPhone su pažangia kamera ir DI funkcijomis,tech,0,ID_68
72 Apple unveils a new iPhone with advanced camera and AI features,tech,0,ID_69
98 Open-source libraries accelerate machine learning workflows (Berlin),tech,0,ID_70
Vietos komanda laimėjo nacionalinį čempionatą pratęsimuose (London),sports,0,ID_71
9 Kaip pagreitinti kompiuterį paprastais triukais,tech,0,ID_72
76 Transfer rumors suggest a record deal for the young striker po pranešimo,sports,0,ID_73
Coach explains new defensive tactics after the game dėl rinkos reakcijos (New York),sports,0,ID_74
93 Start-up raises $50 million to scale its AI platform (Madrid),tech,0,ID_75
31 Treneris aiškino naują gynybos taktiką po rungtynių (Kaunas),sports,0,ID_76
Atviro kodo bibliotekos pagreitina mašininio mokymosi procesus — analysts say (Vilnius),tech,0,ID_77
75 Vietos komanda laimėjo nacionalinį čempionatą pratęsimuose,sports,0,ID_78
Messi scores a stunning goal in the Champions League match analitikų teigimu,sports,0,ID_79
36 Analysts predict record profits for the banking sector,finance,0,ID_80
26 10 reasons you should never buy this gadget,clickbait,0,ID_81
10 reasons you should never buy this gadget — Find out why,clickbait,1,ID_82
16 You won't believe what happened next,clickbait,0,ID_83
Coach explains new defensive tactics after the game amid concerns,sports,0,ID_84
70 Stock market falls amid inflation concerns,finance,0,ID_85
91 Top 7 secrets companies don't want you to know — You won't believe it,clickbait,1,ID_86
Žvaigždė pasirašė daugiametę sutartį su klubu (Kaunas),sports,0,ID_87
„Apple“ pristatė naują iPhone su pažangia kamera ir DI funkcijomis dėl rinkos reakcijos,tech,0,ID_88
17 Earnings beat expectations as revenue grows in cloud segment,finance,0,ID_89
Atviro kodo bibliotekos pagreitina mašininio mokymosi procesus (New York),tech,0,ID_90
22 Earnings beat expectations as revenue grows in cloud segment analitikų teigimu,finance,0,ID_91
"67 Top 7 paslaptys, kurias įmonės nenori, kad žinotumėte — Find out why",clickbait,1,ID_92
85 Coach explains new defensive tactics after the game,sports,0,ID_93
45 She did X — what happens next will shock you — Read more,clickbait,1,ID_94
8 This trick will change your life forever (London),clickbait,0,ID_95
61 Šis triukas pakeis jūsų gyvenimą amžiams — Read more,clickbait,1,ID_96
19 She did X — what happens next will shock you,clickbait,0,ID_97
23 Coach explains new defensive tactics after the game (Paris),sports,0,ID_98
63 Messi įmušė įspūdingą įvartį Lygų taurėje,sports,0,ID_99
96 Atviro kodo bibliotekos pagreitina mašininio mokymosi procesus,tech,0,ID_100
67 How to speed up your computer with simple tweaks analitikų teigimu,tech,0,ID_101
7 Treneris aiškino naują gynybos taktiką po rungtynių,sports,0,ID_102
66 Vietos komanda laimėjo nacionalinį čempionatą pratęsimuose as markets react,sports,0,ID_103
95 Major security breach affects millions of users worldwide (Madrid),tech,0,ID_104
97 10 reasons you should never buy this gadget (Berlin),clickbait,0,ID_105
2 Coach explains new defensive tactics after the game analitikų teigimu,sports,0,ID_106
"36 Central bank cuts rates, markets rally on dovish guidance",finance,0,ID_107
93 Top 7 secrets companies don't want you to know,clickbait,0,ID_108
15 How to speed up your computer with simple tweaks (Berlin),tech,0,ID_109
11 Investors hedge inflation risk using index-linked bonds analitikų teigimu,finance,0,ID_110
Earnings beat expectations as revenue grows in cloud segment (London),finance,0,ID_111
Star player signs a multi-year contract with club as markets react (New York),sports,0,ID_112
"52 Central bank cuts rates, markets rally on dovish guidance (New York)",finance,0,ID_113
Žvaigždė pasirašė daugiametę sutartį su klubu,sports,0,ID_114
Vietos komanda laimėjo nacionalinį čempionatą pratęsimuose amid concerns,sports,0,ID_115
"2 10 priežasčių, kodėl niekada nepirkti šio daikto",clickbait,1,ID_116
"Central bank cuts rates, markets rally on dovish guidance (Berlin)",finance,0,ID_117
71 Messi scores a stunning goal in the Champions League match,sports,0,ID_118
Analysts predict record profits for the banking sector analitikų teigimu,finance,0,ID_119
Local team wins national championship in overtime in a surprise move,sports,0,ID_120
97 Startuolis pritraukė 50 mln. USD DI platformos plėtrai (London),tech,0,ID_121
36 She did X — what happens next will shock you,clickbait,0,ID_122
6 You won't believe what happened next — Number 5 is shocking (New York),clickbait,1,ID_123
10 Treneris aiškino naują gynybos taktiką po rungtynių,sports,0,ID_124
3 10 reasons you should never buy this gadget,clickbait,1,ID_125
Coach explains new defensive tactics after the game (Paris),sports,0,ID_126
67 Vietos komanda laimėjo nacionalinį čempionatą pratęsimuose as markets react (Paris),sports,0,ID_127
20 Messi įmušė įspūdingą įvartį Lygų taurėje,sports,0,ID_128
27 Messi įmušė įspūdingą įvartį Lygų taurėje in a surprise move,sports,0,ID_129
44 Open-source libraries accelerate machine learning workflows,tech,0,ID_130
"53 Central bank cuts rates, markets rally on dovish guidance",finance,0,ID_131
97 Transfer rumors suggest a record deal for the young striker as markets react (London),sports,0,ID_132
31 Perėjimų gandai: jaunas puolėjas gali kainuoti rekordą dėl rinkos reakcijos,sports,0,ID_133
How to speed up your computer with simple tweaks dėl rinkos reakcijos,tech,0,ID_134
19 How to speed up your computer with simple tweaks,tech,0,ID_135
Investors hedge inflation risk using index-linked bonds,finance,0,ID_136
49 Star player signs a multi-year contract with club (Berlin),sports,0,ID_137
31 Coach explains new defensive tactics after the game amid concerns,sports,0,ID_138
31 Vietos komanda laimėjo nacionalinį čempionatą pratęsimuose,sports,0,ID_139
80 Local team wins national championship in overtime,sports,0,ID_140
70 How to speed up your computer with simple tweaks,tech,0,ID_141
8 This trick will change your life forever,clickbait,0,ID_142
90 Open-source libraries accelerate machine learning workflows,tech,0,ID_143
66 You won't believe what happened next,clickbait,0,ID_144
47 Top 7 secrets companies don't want you to know,clickbait,1,ID_145
Stock market falls amid inflation concerns after report,finance,0,ID_146
90 „Apple“ pristatė naują iPhone su pažangia kamera ir DI funkcijomis dėl rinkos reakcijos (New York),tech,0,ID_147
56 Apple unveils a new iPhone with advanced camera and AI features,tech,0,ID_148
100 Start-up raises $50 million to scale its AI platform,tech,0,ID_149
94 Vietos komanda laimėjo nacionalinį čempionatą pratęsimuose,sports,0,ID_150
"Ji padarė X — kas nutiks toliau, pribloškia (Vilnius)",clickbait,1,ID_151
"10 priežasčių, kodėl niekada nepirkti šio daikto — Number 5 is shocking (Vilnius)",clickbait,1,ID_152
89 Messi įmušė įspūdingą įvartį Lygų taurėje,sports,0,ID_153
69 Investors hedge inflation risk using index-linked bonds — analysts say,finance,0,ID_154
40 Šis triukas pakeis jūsų gyvenimą amžiams,clickbait,1,ID_155
21 Atviro kodo bibliotekos pagreitina mašininio mokymosi procesus,tech,0,ID_156
73 Vietos komanda laimėjo nacionalinį čempionatą pratęsimuose,sports,0,ID_157
Perėjimų gandai: jaunas puolėjas gali kainuoti rekordą (Madrid),sports,0,ID_158
64 Transfer rumors suggest a record deal for the young striker,sports,0,ID_159
46 This trick will change your life forever,clickbait,0,ID_160
43 Star player signs a multi-year contract with club,sports,0,ID_161
89 Major security breach affects millions of users worldwide,tech,0,ID_162
58 She did X — what happens next will shock you,clickbait,0,ID_163
Atviro kodo bibliotekos pagreitina mašininio mokymosi procesus — analysts say (Madrid),tech,0,ID_164
"Negalėsite patikėti, kas įvyko toliau — Find out why (New York)",clickbait,1,ID_165
Start-up raises $50 million to scale its AI platform dėl rinkos reakcijos (London),tech,0,ID_166
14 Treneris aiškino naują gynybos taktiką po rungtynių (London),sports,0,ID_167
55 Local team wins national championship in overtime,sports,0,ID_168
46 Local team wins national championship in overtime,sports,0,ID_169
32 Stock market falls amid inflation concerns dėl rinkos reakcijos,finance,0,ID_170
"Ji padarė X — kas nutiks toliau, pribloškia (Kaunas)",clickbait,1,ID_171
Open-source libraries accelerate machine learning workflows — analysts say (Berlin),tech,0,ID_172
69 10 reasons you should never buy this gadget,clickbait,0,ID_173
88 Messi scores a stunning goal in the Champions League match po pranešimo,sports,0,ID_174
72 She did X — what happens next will shock you,clickbait,0,ID_175
Open-source libraries accelerate machine learning workflows after report,tech,0,ID_176
"Top 7 paslaptys, kurias įmonės nenori, kad žinotumėte — You won't believe it (Kaunas)",clickbait,1,ID_177
You won't believe what happened next — Read more (Kaunas),clickbait,1,ID_178
Major security breach affects millions of users worldwide after report (Berlin),tech,0,ID_179
76 She did X — what happens next will shock you,clickbait,1,ID_180
Žvaigždė pasirašė daugiametę sutartį su klubu dėl rinkos reakcijos (Berlin),sports,0,ID_181
74 10 reasons you should never buy this gadget — Read more,clickbait,1,ID_182
9 Startuolis pritraukė 50 mln. USD DI platformos plėtrai,tech,0,ID_183
10 reasons you should never buy this gadget — Number 5 is shocking (Paris),clickbait,1,ID_184
Treneris aiškino naują gynybos taktiką po rungtynių after report (Vilnius),sports,0,ID_185
Kaip pagreitinti kompiuterį paprastais triukais (Berlin),tech,0,ID_186
88 How to speed up your computer with simple tweaks (Berlin),tech,0,ID_187
Star player signs a multi-year contract with club po pranešimo (New York),sports,0,ID_188
"Ji padarė X — kas nutiks toliau, pribloškia — Read more (Paris)",clickbait,1,ID_189
86 She did X — what happens next will shock you (Paris),clickbait,1,ID_190
88 Open-source libraries accelerate machine learning workflows after report,tech,0,ID_191
59 Local team wins national championship in overtime (New York),sports,0,ID_192
65 Major security breach affects millions of users worldwide,tech,0,ID_193
18 Stock market falls amid inflation concerns,finance,0,ID_194
Coach explains new defensive tactics after the game (Vilnius),sports,0,ID_195
100 You won't believe what happened next (Kaunas),clickbait,0,ID_196
52 Star player signs a multi-year contract with club dėl rinkos reakcijos,sports,0,ID_197
60 Kaip pagreitinti kompiuterį paprastais triukais,tech,0,ID_198
"72 Ji padarė X — kas nutiks toliau, pribloškia",clickbait,1,ID_199
58 Earnings beat expectations as revenue grows in cloud segment,finance,0,ID_200
79 Vietos komanda laimėjo nacionalinį čempionatą pratęsimuose,sports,0,ID_201
34 Didelė saugumo spraga paveikė milijonus vartotojų,tech,0,ID_202
Perėjimų gandai: jaunas puolėjas gali kainuoti rekordą in a surprise move (Kaunas),sports,0,ID_203
Treneris aiškino naują gynybos taktiką po rungtynių po pranešimo (Madrid),sports,0,ID_204
45 Earnings beat expectations as revenue grows in cloud segment (London),finance,0,ID_205
91 Apple unveils a new iPhone with advanced camera and AI features amid concerns,tech,0,ID_206
10 reasons you should never buy this gadget — You won't believe it (London),clickbait,1,ID_207
81 Startuolis pritraukė 50 mln. USD DI platformos plėtrai,tech,0,ID_208
90 Coach explains new defensive tactics after the game,sports,0,ID_209
Star player signs a multi-year contract with club po pranešimo (Kaunas),sports,0,ID_210
72 Treneris aiškino naują gynybos taktiką po rungtynių,sports,0,ID_211
Didelė saugumo spraga paveikė milijonus vartotojų (Kaunas),tech,0,ID_212
61 This trick will change your life forever,clickbait,0,ID_213
"85 10 priežasčių, kodėl niekada nepirkti šio daikto — Find out why",clickbait,1,ID_214
30 Star player signs a multi-year contract with club,sports,0,ID_215
32 Star player signs a multi-year contract with club,sports,0,ID_216
53 Stock market falls amid inflation concerns dėl rinkos reakcijos,finance,0,ID_217
Star player signs a multi-year contract with club po pranešimo (Berlin),sports,0,ID_218
66 Earnings beat expectations as revenue grows in cloud segment,finance,0,ID_219
34 Apple unveils a new iPhone with advanced camera and AI features,tech,0,ID_220
75 „Apple“ pristatė naują iPhone su pažangia kamera ir DI funkcijomis (New York),tech,0,ID_221
54 Žvaigždė pasirašė daugiametę sutartį su klubu,sports,0,ID_222
Messi scores a stunning goal in the Champions League match — analysts say (Paris),sports,0,ID_223
16 Transfer rumors suggest a record deal for the young striker (Berlin),sports,0,ID_224
49 Treneris aiškino naują gynybos taktiką po rungtynių,sports,0,ID_225
85 Investors hedge inflation risk using index-linked bonds (Madrid),finance,0,ID_226
Apple unveils a new iPhone with advanced camera and AI features dėl rinkos reakcijos (Madrid),tech,0,ID_227
24 Open-source libraries accelerate machine learning workflows,tech,0,ID_228
28 Open-source libraries accelerate machine learning workflows,tech,0,ID_229
31 Startuolis pritraukė 50 mln. USD DI platformos plėtrai,tech,0,ID_230
62 10 reasons you should never buy this gadget,clickbait,0,ID_231
"63 10 priežasčių, kodėl niekada nepirkti šio daikto",clickbait,1,ID_232
This trick will change your life forever — You won't believe it (Paris),clickbait,1,ID_233
20 Start-up raises $50 million to scale its AI platform dėl rinkos reakcijos,tech,0,ID_234
"10 priežasčių, kodėl niekada nepirkti šio daikto",clickbait,1,ID_235
88 Start-up raises $50 million to scale its AI platform,tech,0,ID_236
67 Apple unveils a new iPhone with advanced camera and AI features,tech,0,ID_237
"Ji padarė X — kas nutiks toliau, pribloškia — You won't believe it (New York)",clickbait,1,ID_238
15 Apple unveils a new iPhone with advanced camera and AI features analitikų teigimu,tech,0,ID_239
67 Coach explains new defensive tactics after the game,sports,0,ID_240
Apple unveils a new iPhone with advanced camera and AI features amid concerns (Kaunas),tech,0,ID_241
2 10 reasons you should never buy this gadget,clickbait,0,ID_242
Didelė saugumo spraga paveikė milijonus vartotojų (London),tech,0,ID_243
Apple unveils a new iPhone with advanced camera and AI features po pranešimo (Vilnius),tech,0,ID_244
Messi įmušė įspūdingą įvartį Lygų taurėje analitikų teigimu,sports,0,ID_245
35 Messi scores a stunning goal in the Champions League match po pranešimo,sports,0,ID_246
53 Top 7 secrets companies don't want you to know (Kaunas),clickbait,1,ID_247
36 Start-up raises $50 million to scale its AI platform,tech,0,ID_248
64 This trick will change your life forever — Number 5 is shocking,clickbait,1,ID_249
65 Local team wins national championship in overtime,sports,0,ID_250
"81 Negalėsite patikėti, kas įvyko toliau",clickbait,1,ID_251
Kaip pagreitinti kompiuterį paprastais triukais,tech,0,ID_252
"32 Central bank cuts rates, markets rally on dovish guidance dėl rinkos reakcijos",finance,0,ID_253
62 Top 7 secrets companies don't want you to know — Number 5 is shocking,clickbait,1,ID_254
90 Kaip pagreitinti kompiuterį paprastais triukais,tech,0,ID_255
4 10 reasons you should never buy this gadget,clickbait,0,ID_256
36 Analysts predict record profits for the banking sector — analysts say,finance,0,ID_257
62 Kaip pagreitinti kompiuterį paprastais triukais (London),tech,0,ID_258
6 Open-source libraries accelerate machine learning workflows,tech,0,ID_259
79 This trick will change your life forever,clickbait,0,ID_260
Star player signs a multi-year contract with club after report,sports,0,ID_261
18 Start-up raises $50 million to scale its AI platform,tech,0,ID_262
Analysts predict record profits for the banking sector amid concerns,finance,0,ID_263
Messi įmušė įspūdingą įvartį Lygų taurėje in a surprise move (Vilnius),sports,0,ID_264
13 Investors hedge inflation risk using index-linked bonds,finance,0,ID_265
"89 Negalėsite patikėti, kas įvyko toliau (Madrid)",clickbait,1,ID_266
Startuolis pritraukė 50 mln. USD DI platformos plėtrai in a surprise move (Kaunas),tech,0,ID_267
46 Earnings beat expectations as revenue grows in cloud segment in a surprise move,finance,0,ID_268
46 Perėjimų gandai: jaunas puolėjas gali kainuoti rekordą,sports,0,ID_269
12 Local team wins national championship in overtime,sports,0,ID_270
60 Kaip pagreitinti kompiuterį paprastais triukais (New York),tech,0,ID_271
95 Major security breach affects millions of users worldwide in a surprise move,tech,0,ID_272
Messi scores a stunning goal in the Champions League match,sports,0,ID_273
81 Messi įmušė įspūdingą įvartį Lygų taurėje,sports,0,ID_274
92 Start-up raises $50 million to scale its AI platform,tech,0,ID_275
16 Perėjimų gandai: jaunas puolėjas gali kainuoti rekordą,sports,0,ID_276
"33 Negalėsite patikėti, kas įvyko toliau — You won't believe it",clickbait,1,ID_277
Major security breach affects millions of users worldwide po pranešimo (Kaunas),tech,0,ID_278
95 Didelė saugumo spraga paveikė milijonus vartotojų,tech,0,ID_279
83 This trick will change your life forever (Madrid),clickbait,1,ID_280
„Apple“ pristatė naują iPhone su pažangia kamera ir DI funkcijomis as markets react,tech,0,ID_281
63 How to speed up your computer with simple tweaks,tech,0,ID_282
10 reasons you should never buy this gadget — You won't believe it (Madrid),clickbait,1,ID_283
"49 10 priežasčių, kodėl niekada nepirkti šio daikto (New York)",clickbait,1,ID_284
57 You won't believe what happened next (Kaunas),clickbait,0,ID_285
Open-source libraries accelerate machine learning workflows (Paris),tech,0,ID_286
71 She did X — what happens next will shock you,clickbait,0,ID_287
"77 Central bank cuts rates, markets rally on dovish guidance",finance,0,ID_288
Major security breach affects millions of users worldwide — analysts say (Vilnius),tech,0,ID_289
30 She did X — what happens next will shock you,clickbait,0,ID_290
27 This trick will change your life forever (New York),clickbait,0,ID_291
6 You won't believe what happened next,clickbait,0,ID_292
"14 10 priežasčių, kodėl niekada nepirkti šio daikto",clickbait,1,ID_293
„Apple“ pristatė naują iPhone su pažangia kamera ir DI funkcijomis amid concerns,tech,0,ID_294
88 Earnings beat expectations as revenue grows in cloud segment,finance,0,ID_295
38 Transfer rumors suggest a record deal for the young striker as markets react,sports,0,ID_296
"80 Top 7 paslaptys, kurias įmonės nenori, kad žinotumėte — You won't believe it",clickbait,1,ID_297
Coach explains new defensive tactics after the game in a surprise move,sports,0,ID_298
7 Žvaigždė pasirašė daugiametę sutartį su klubu after report,sports,0,ID_299
Top 7 secrets companies don't want you to know (Paris),clickbait,0,ID_300
40 Local team wins national championship in overtime po pranešimo,sports,0,ID_301
29 Local team wins national championship in overtime,sports,0,ID_302
9 Messi scores a stunning goal in the Champions League match,sports,0,ID_303
32 Didelė saugumo spraga paveikė milijonus vartotojų,tech,0,ID_304
59 Messi scores a stunning goal in the Champions League match,sports,0,ID_305
71 Coach explains new defensive tactics after the game,sports,0,ID_306
Kaip pagreitinti kompiuterį paprastais triukais (Kaunas),tech,0,ID_307
Analysts predict record profits for the banking sector po pranešimo,finance,0,ID_308
57 Start-up raises $50 million to scale its AI platform (Paris),tech,0,ID_309
"60 10 priežasčių, kodėl niekada nepirkti šio daikto — Read more (Madrid)",clickbait,1,ID_310
Messi įmušė įspūdingą įvartį Lygų taurėje (Vilnius),sports,0,ID_311
Coach explains new defensive tactics after the game as markets react (Berlin),sports,0,ID_312
59 „Apple“ pristatė naują iPhone su pažangia kamera ir DI funkcijomis,tech,0,ID_313
62 Perėjimų gandai: jaunas puolėjas gali kainuoti rekordą,sports,0,ID_314
97 Earnings beat expectations as revenue grows in cloud segment dėl rinkos reakcijos,finance,0,ID_315
38 How to speed up your computer with simple tweaks amid concerns (Kaunas),tech,0,ID_316
90 This trick will change your life forever — Number 5 is shocking,clickbait,1,ID_317
Major security breach affects millions of users worldwide as markets react (New York),tech,0,ID_318
"Central bank cuts rates, markets rally on dovish guidance (New York)",finance,0,ID_319
69 Žvaigždė pasirašė daugiametę sutartį su klubu,sports,0,ID_320
99 Coach explains new defensive tactics after the game,sports,0,ID_321
Star player signs a multi-year contract with club amid concerns,sports,0,ID_322
Open-source libraries accelerate machine learning workflows — analysts say,tech,0,ID_323
73 10 reasons you should never buy this gadget,clickbait,0,ID_324
84 Treneris aiškino naują gynybos taktiką po rungtynių (Berlin),sports,0,ID_325
98 Didelė saugumo spraga paveikė milijonus vartotojų,tech,0,ID_326
47 Šis triukas pakeis jūsų gyvenimą amžiams,clickbait,1,ID_327
3 This trick will change your life forever,clickbait,0,ID_328
Kaip pagreitinti kompiuterį paprastais triukais dėl rinkos reakcijos (Berlin),tech,0,ID_329
„Apple“ pristatė naują iPhone su pažangia kamera ir DI funkcijomis in a surprise move (Berlin),tech,0,ID_330
58 Local team wins national championship in overtime dėl rinkos reakcijos,sports,0,ID_331
12 Earnings beat expectations as revenue grows in cloud segment,finance,0,ID_332
Messi įmušė įspūdingą įvartį Lygų taurėje,sports,0,ID_333
How to speed up your computer with simple tweaks (Madrid),tech,0,ID_334
19 Apple unveils a new iPhone with advanced camera and AI features as markets react,tech,0,ID_335
40 Messi scores a stunning goal in the Champions League match (Paris),sports,0,ID_336
78 Didelė saugumo spraga paveikė milijonus vartotojų,tech,0,ID_337
"83 Negalėsite patikėti, kas įvyko toliau",clickbait,1,ID_338
70 Top 7 secrets companies don't want you to know,clickbait,0,ID_339
„Apple“ pristatė naują iPhone su pažangia kamera ir DI funkcijomis analitikų teigimu (Vilnius),tech,0,ID_340
39 Analysts predict record profits for the banking sector,finance,0,ID_341
"Top 7 paslaptys, kurias įmonės nenori, kad žinotumėte — Read more (London)",clickbait,1,ID_342
20 Investors hedge inflation risk using index-linked bonds,finance,0,ID_343
75 You won't believe what happened next — You won't believe it,clickbait,1,ID_344
50 Šis triukas pakeis jūsų gyvenimą amžiams,clickbait,1,ID_345
65 10 reasons you should never buy this gadget,clickbait,0,ID_346
Coach explains new defensive tactics after the game analitikų teigimu (New York),sports,0,ID_347
36 This trick will change your life forever,clickbait,0,ID_348
82 Earnings beat expectations as revenue grows in cloud segment,finance,0,ID_349
Startuolis pritraukė 50 mln. USD DI platformos plėtrai in a surprise move,tech,0,ID_350
"Ji padarė X — kas nutiks toliau, pribloškia — Find out why (London)",clickbait,1,ID_351
39 Top 7 secrets companies don't want you to know,clickbait,0,ID_352
"93 Central bank cuts rates, markets rally on dovish guidance",finance,0,ID_353
27 Analysts predict record profits for the banking sector analitikų teigimu,finance,0,ID_354
This trick will change your life forever — Number 5 is shocking (New York),clickbait,1,ID_355
Investors hedge inflation risk using index-linked bonds analitikų teigimu,finance,0,ID_356
Earnings beat expectations as revenue grows in cloud segment po pranešimo (Vilnius),finance,0,ID_357
87 Atviro kodo bibliotekos pagreitina mašininio mokymosi procesus (London),tech,0,ID_358
41 You won't believe what happened next,clickbait,0,ID_359
55 Analysts predict record profits for the banking sector,finance,0,ID_360
52 Apple unveils a new iPhone with advanced camera and AI features,tech,0,ID_361
51 Transfer rumors suggest a record deal for the young striker,sports,0,ID_362
19 Messi scores a stunning goal in the Champions League match,sports,0,ID_363
Startuolis pritraukė 50 mln. USD DI platformos plėtrai in a surprise move (New York),tech,0,ID_364
Vietos komanda laimėjo nacionalinį čempionatą pratęsimuose dėl rinkos reakcijos,sports,0,ID_365
This trick will change your life forever — Find out why (New York),clickbait,1,ID_366
"92 10 priežasčių, kodėl niekada nepirkti šio daikto",clickbait,1,ID_367
49 You won't believe what happened next (Kaunas),clickbait,0,ID_368
Treneris aiškino naują gynybos taktiką po rungtynių dėl rinkos reakcijos (New York),sports,0,ID_369
19 Major security breach affects millions of users worldwide,tech,0,ID_370
Didelė saugumo spraga paveikė milijonus vartotojų analitikų teigimu,tech,0,ID_371
52 Earnings beat expectations as revenue grows in cloud segment (Vilnius),finance,0,ID_372
8 Earnings beat expectations as revenue grows in cloud segment,finance,0,ID_373
4 She did X — what happens next will shock you — Read more,clickbait,1,ID_374
68 Messi scores a stunning goal in the Champions League match (Vilnius),sports,0,ID_375
28 Top 7 secrets companies don't want you to know,clickbait,0,ID_376
30 Didelė saugumo spraga paveikė milijonus vartotojų,tech,0,ID_377
59 This trick will change your life forever,clickbait,0,ID_378
36 Žvaigždė pasirašė daugiametę sutartį su klubu,sports,0,ID_379
37 You won't believe what happened next,clickbait,0,ID_380
70 You won't believe what happened next (Vilnius),clickbait,0,ID_381
76 She did X — what happens next will shock you (Paris),clickbait,0,ID_382
76 You won't believe what happened next,clickbait,0,ID_383
Start-up raises $50 million to scale its AI platform (London),tech,0,ID_384
2 Open-source libraries accelerate machine learning workflows,tech,0,ID_385
Investors hedge inflation risk using index-linked bonds amid concerns,finance,0,ID_386
63 Vietos komanda laimėjo nacionalinį čempionatą pratęsimuose,sports,0,ID_387
72 Earnings beat expectations as revenue grows in cloud segment,finance,0,ID_388
Open-source libraries accelerate machine learning workflows amid concerns,tech,0,ID_389
59 Stock market falls amid inflation concerns po pranešimo (Berlin),finance,0,ID_390
49 You won't believe what happened next (New York),clickbait,0,ID_391
"100 Central bank cuts rates, markets rally on dovish guidance",finance,0,ID_392
Stock market falls amid inflation concerns (London),finance,0,ID_393
34 Investors hedge inflation risk using index-linked bonds,finance,0,ID_394
57 You won't believe what happened next (Paris),clickbait,0,ID_395
86 Šis triukas pakeis jūsų gyvenimą amžiams — Find out why (London),clickbait,1,ID_396
76 Atviro kodo bibliotekos pagreitina mašininio mokymosi procesus,tech,0,ID_397
68 Žvaigždė pasirašė daugiametę sutartį su klubu po pranešimo,sports,0,ID_398
"27 10 priežasčių, kodėl niekada nepirkti šio daikto",clickbait,1,ID_399
46 „Apple“ pristatė naują iPhone su pažangia kamera ir DI funkcijomis,tech,0,ID_400
This trick will change your life forever,clickbait,0,ID_401
Local team wins national championship in overtime analitikų teigimu,sports,0,ID_402
50 Top 7 secrets companies don't want you to know,clickbait,0,ID_403
Coach explains new defensive tactics after the game amid concerns (London),sports,0,ID_404
93 Local team wins national championship in overtime,sports,0,ID_405
23 Coach explains new defensive tactics after the game,sports,0,ID_406
74 Didelė saugumo spraga paveikė milijonus vartotojų,tech,0,ID_407
2 Coach explains new defensive tactics after the game,sports,0,ID_408
26 Local team wins national championship in overtime analitikų teigimu,sports,0,ID_409
"82 Top 7 paslaptys, kurias įmonės nenori, kad žinotumėte — Number 5 is shocking",clickbait,1,ID_410
94 Open-source libraries accelerate machine learning workflows,tech,0,ID_411
13 Local team wins national championship in overtime,sports,0,ID_412
78 Star player signs a multi-year contract with club in a surprise move,sports,0,ID_413
"31 Top 7 paslaptys, kurias įmonės nenori, kad žinotumėte",clickbait,1,ID_414
74 This trick will change your life forever — Number 5 is shocking,clickbait,1,ID_415
This trick will change your life forever — Find out why (London),clickbait,1,ID_416
82 Analysts predict record profits for the banking sector,finance,0,ID_417
52 This trick will change your life forever (Paris),clickbait,0,ID_418
Coach explains new defensive tactics after the game dėl rinkos reakcijos (London),sports,0,ID_419
63 Investors hedge inflation risk using index-linked bonds,finance,0,ID_420
Messi scores a stunning goal in the Champions League match analitikų teigimu (Madrid),sports,0,ID_421
58 You won't believe what happened next (Berlin),clickbait,1,ID_422
Treneris aiškino naują gynybos taktiką po rungtynių — analysts say (Kaunas),sports,0,ID_423
94 Earnings beat expectations as revenue grows in cloud segment,finance,0,ID_424
Messi įmušė įspūdingą įvartį Lygų taurėje po pranešimo (New York),sports,0,ID_425
9 Žvaigždė pasirašė daugiametę sutartį su klubu (Paris),sports,0,ID_426
14 Start-up raises $50 million to scale its AI platform (Paris),tech,0,ID_427
Šis triukas pakeis jūsų gyvenimą amžiams — You won't believe it (New York),clickbait,1,ID_428
66 Treneris aiškino naują gynybos taktiką po rungtynių dėl rinkos reakcijos,sports,0,ID_429
Didelė saugumo spraga paveikė milijonus vartotojų as markets react,tech,0,ID_430
Treneris aiškino naują gynybos taktiką po rungtynių — analysts say,sports,0,ID_431
79 Apple unveils a new iPhone with advanced camera and AI features analitikų teigimu,tech,0,ID_432
33 Coach explains new defensive tactics after the game,sports,0,ID_433
95 Vietos komanda laimėjo nacionalinį čempionatą pratęsimuose,sports,0,ID_434
2 Perėjimų gandai: jaunas puolėjas gali kainuoti rekordą,sports,0,ID_435
She did X — what happens next will shock you (Berlin),clickbait,0,ID_436
Vietos komanda laimėjo nacionalinį čempionatą pratęsimuose (Paris),sports,0,ID_437
56 This trick will change your life forever (London),clickbait,0,ID_438
81 Major security breach affects millions of users worldwide,tech,0,ID_439
Vietos komanda laimėjo nacionalinį čempionatą pratęsimuose in a surprise move (Vilnius),sports,0,ID_440
25 Messi įmušė įspūdingą įvartį Lygų taurėje (London),sports,0,ID_441
Messi scores a stunning goal in the Champions League match amid concerns (London),sports,0,ID_442
87 She did X — what happens next will shock you,clickbait,0,ID_443
45 Open-source libraries accelerate machine learning workflows,tech,0,ID_444
Apple unveils a new iPhone with advanced camera and AI features in a surprise move,tech,0,ID_445
67 Stock market falls amid inflation concerns,finance,0,ID_446
Start-up raises $50 million to scale its AI platform as markets react (Berlin),tech,0,ID_447
63 This trick will change your life forever,clickbait,0,ID_448
Stock market falls amid inflation concerns analitikų teigimu (New York),finance,0,ID_449
Atviro kodo bibliotekos pagreitina mašininio mokymosi procesus (Paris),tech,0,ID_450
76 10 reasons you should never buy this gadget,clickbait,0,ID_451
"Central bank cuts rates, markets rally on dovish guidance in a surprise move (Vilnius)",finance,0,ID_452
44 Earnings beat expectations as revenue grows in cloud segment,finance,0,ID_453
Atviro kodo bibliotekos pagreitina mašininio mokymosi procesus analitikų teigimu (New York),tech,0,ID_454
28 Stock market falls amid inflation concerns,finance,0,ID_455
82 Atviro kodo bibliotekos pagreitina mašininio mokymosi procesus (Kaunas),tech,0,ID_456
38 Analysts predict record profits for the banking sector,finance,0,ID_457
"74 10 priežasčių, kodėl niekada nepirkti šio daikto",clickbait,1,ID_458
Didelė saugumo spraga paveikė milijonus vartotojų,tech,0,ID_459
6 Investors hedge inflation risk using index-linked bonds (Vilnius),finance,0,ID_460
"74 Central bank cuts rates, markets rally on dovish guidance",finance,0,ID_461
"46 Central bank cuts rates, markets rally on dovish guidance",finance,0,ID_462
Major security breach affects millions of users worldwide (New York),tech,0,ID_463
39 Treneris aiškino naują gynybos taktiką po rungtynių (Kaunas),sports,0,ID_464
30 Apple unveils a new iPhone with advanced camera and AI features in a surprise move,tech,0,ID_465
7 Star player signs a multi-year contract with club (Paris),sports,0,ID_466
"34 Central bank cuts rates, markets rally on dovish guidance",finance,0,ID_467
34 Kaip pagreitinti kompiuterį paprastais triukais (Paris),tech,0,ID_468
16 Apple unveils a new iPhone with advanced camera and AI features (London),tech,0,ID_469
96 Top 7 secrets companies don't want you to know,clickbait,0,ID_470
"92 Negalėsite patikėti, kas įvyko toliau — Find out why",clickbait,1,ID_471
Kaip pagreitinti kompiuterį paprastais triukais as markets react (Vilnius),tech,0,ID_472
67 Žvaigždė pasirašė daugiametę sutartį su klubu after report,sports,0,ID_473
13 Coach explains new defensive tactics after the game,sports,0,ID_474
45 Didelė saugumo spraga paveikė milijonus vartotojų,tech,0,ID_475
80 How to speed up your computer with simple tweaks,tech,0,ID_476
17 Investors hedge inflation risk using index-linked bonds analitikų teigimu,finance,0,ID_477
99 Transfer rumors suggest a record deal for the young striker,sports,0,ID_478
57 Startuolis pritraukė 50 mln. USD DI platformos plėtrai,tech,0,ID_479
81 10 reasons you should never buy this gadget,clickbait,0,ID_480
28 This trick will change your life forever (Kaunas),clickbait,1,ID_481
"48 Negalėsite patikėti, kas įvyko toliau",clickbait,1,ID_482
28 Local team wins national championship in overtime,sports,0,ID_483
27 Vietos komanda laimėjo nacionalinį čempionatą pratęsimuose (Vilnius),sports,0,ID_484
"57 Top 7 paslaptys, kurias įmonės nenori, kad žinotumėte — Find out why (Paris)",clickbait,1,ID_485
89 Stock market falls amid inflation concerns,finance,0,ID_486
44 „Apple“ pristatė naują iPhone su pažangia kamera ir DI funkcijomis (Berlin),tech,0,ID_487
This trick will change your life forever — Find out why (Madrid),clickbait,1,ID_488
"Negalėsite patikėti, kas įvyko toliau — Find out why (Paris)",clickbait,1,ID_489
43 Treneris aiškino naują gynybos taktiką po rungtynių (London),sports,0,ID_490
56 Perėjimų gandai: jaunas puolėjas gali kainuoti rekordą dėl rinkos reakcijos,sports,0,ID_491
67 „Apple“ pristatė naują iPhone su pažangia kamera ir DI funkcijomis,tech,0,ID_492
88 Open-source libraries accelerate machine learning workflows (Paris),tech,0,ID_493
79 You won't believe what happened next (London),clickbait,0,ID_494
"55 Ji padarė X — kas nutiks toliau, pribloškia — You won't believe it (Paris)",clickbait,1,ID_495
14 10 reasons you should never buy this gadget,clickbait,0,ID_496
Žvaigždė pasirašė daugiametę sutartį su klubu po pranešimo,sports,0,ID_497
53 „Apple“ pristatė naują iPhone su pažangia kamera ir DI funkcijomis (Paris),tech,0,ID_498
82 Top 7 secrets companies don't want you to know,clickbait,0,ID_499
Stock market falls amid inflation concerns as markets react (Berlin),finance,0,ID_500
79 Vietos komanda laimėjo nacionalinį čempionatą pratęsimuose (Vilnius),sports,0,ID_501
59 Atviro kodo bibliotekos pagreitina mašininio mokymosi procesus amid concerns,tech,0,ID_502
80 Messi įmušė įspūdingą įvartį Lygų taurėje (Paris),sports,0,ID_503
"29 10 priežasčių, kodėl niekada nepirkti šio daikto — Read more",clickbait,1,ID_504
37 Stock market falls amid inflation concerns amid concerns (Berlin),finance,0,ID_505
"89 Negalėsite patikėti, kas įvyko toliau — Find out why",clickbait,1,ID_506
18 Atviro kodo bibliotekos pagreitina mašininio mokymosi procesus,tech,0,ID_507
"Central bank cuts rates, markets rally on dovish guidance (Madrid)",finance,0,ID_508
75 Start-up raises $50 million to scale its AI platform,tech,0,ID_509
64 10 reasons you should never buy this gadget (Vilnius),clickbait,1,ID_510
"12 Central bank cuts rates, markets rally on dovish guidance",finance,0,ID_511
82 Messi įmušė įspūdingą įvartį Lygų taurėje,sports,0,ID_512
43 Open-source libraries accelerate machine learning workflows,tech,0,ID_513
Start-up raises $50 million to scale its AI platform (Madrid),tech,0,ID_514
Earnings beat expectations as revenue grows in cloud segment amid concerns (Kaunas),finance,0,ID_515
57 Investors hedge inflation risk using index-linked bonds,finance,0,ID_516
54 Investors hedge inflation risk using index-linked bonds,finance,0,ID_517
66 Open-source libraries accelerate machine learning workflows,tech,0,ID_518
Perėjimų gandai: jaunas puolėjas gali kainuoti rekordą as markets react (Madrid),sports,0,ID_519
69 Perėjimų gandai: jaunas puolėjas gali kainuoti rekordą,sports,0,ID_520
Local team wins national championship in overtime po pranešimo,sports,0,ID_521
Kaip pagreitinti kompiuterį paprastais triukais (Madrid),tech,0,ID_522
84 How to speed up your computer with simple tweaks,tech,0,ID_523
Šis triukas pakeis jūsų gyvenimą amžiams (Madrid),clickbait,1,ID_524
70 She did X — what happens next will shock you,clickbait,0,ID_525
88 Coach explains new defensive tactics after the game,sports,0,ID_526
Šis triukas pakeis jūsų gyvenimą amžiams — Find out why (New York),clickbait,1,ID_527
"20 Central bank cuts rates, markets rally on dovish guidance",finance,0,ID_528
63 Transfer rumors suggest a record deal for the young striker po pranešimo,sports,0,ID_529
Kaip pagreitinti kompiuterį paprastais triukais amid concerns (Kaunas),tech,0,ID_530
31 Šis triukas pakeis jūsų gyvenimą amžiams (London),clickbait,1,ID_531
"Top 7 paslaptys, kurias įmonės nenori, kad žinotumėte (New York)",clickbait,1,ID_532
"19 10 priežasčių, kodėl niekada nepirkti šio daikto — You won't believe it",clickbait,1,ID_533
47 How to speed up your computer with simple tweaks,tech,0,ID_534
"Central bank cuts rates, markets rally on dovish guidance amid concerns (Madrid)",finance,0,ID_535
69 Top 7 secrets companies don't want you to know,clickbait,0,ID_536
12 This trick will change your life forever,clickbait,1,ID_537
17 Start-up raises $50 million to scale its AI platform,tech,0,ID_538
Startuolis pritraukė 50 mln. USD DI platformos plėtrai analitikų teigimu (Paris),tech,0,ID_539
Major security breach affects millions of users worldwide analitikų teigimu (Madrid),tech,0,ID_540
90 Top 7 secrets companies don't want you to know (Kaunas),clickbait,0,ID_541
"96 Top 7 paslaptys, kurias įmonės nenori, kad žinotumėte (London)",clickbait,1,ID_542
11 Messi scores a stunning goal in the Champions League match,sports,0,ID_543
69 Transfer rumors suggest a record deal for the young striker,sports,0,ID_544
Šis triukas pakeis jūsų gyvenimą amžiams — Number 5 is shocking (Madrid),clickbait,1,ID_545
Start-up raises $50 million to scale its AI platform,tech,0,ID_546
2 Messi įmušė įspūdingą įvartį Lygų taurėje,sports,0,ID_547
41 Kaip pagreitinti kompiuterį paprastais triukais,tech,0,ID_548
"10 Top 7 paslaptys, kurias įmonės nenori, kad žinotumėte",clickbait,1,ID_549
32 Šis triukas pakeis jūsų gyvenimą amžiams — Find out why,clickbait,1,ID_550
52 Stock market falls amid inflation concerns after report,finance,0,ID_551
How to speed up your computer with simple tweaks amid concerns (Vilnius),tech,0,ID_552
Apple unveils a new iPhone with advanced camera and AI features amid concerns,tech,0,ID_553
75 How to speed up your computer with simple tweaks,tech,0,ID_554
66 Perėjimų gandai: jaunas puolėjas gali kainuoti rekordą dėl rinkos reakcijos,sports,0,ID_555
41 She did X — what happens next will shock you,clickbait,1,ID_556
Star player signs a multi-year contract with club dėl rinkos reakcijos (New York),sports,0,ID_557
99 Top 7 secrets companies don't want you to know,clickbait,0,ID_558
7 „Apple“ pristatė naują iPhone su pažangia kamera ir DI funkcijomis,tech,0,ID_559
15 Apple unveils a new iPhone with advanced camera and AI features (Paris),tech,0,ID_560
68 Stock market falls amid inflation concerns dėl rinkos reakcijos,finance,0,ID_561
11 Didelė saugumo spraga paveikė milijonus vartotojų dėl rinkos reakcijos (Vilnius),tech,0,ID_562
23 This trick will change your life forever (Paris),clickbait,1,ID_563
83 Atviro kodo bibliotekos pagreitina mašininio mokymosi procesus,tech,0,ID_564
71 „Apple“ pristatė naują iPhone su pažangia kamera ir DI funkcijomis,tech,0,ID_565
3 Perėjimų gandai: jaunas puolėjas gali kainuoti rekordą,sports,0,ID_566
81 She did X — what happens next will shock you,clickbait,1,ID_567
96 Investors hedge inflation risk using index-linked bonds (Berlin),finance,0,ID_568
45 This trick will change your life forever,clickbait,0,ID_569
Open-source libraries accelerate machine learning workflows (Berlin),tech,0,ID_570
"59 10 priežasčių, kodėl niekada nepirkti šio daikto",clickbait,1,ID_571
How to speed up your computer with simple tweaks analitikų teigimu (London),tech,0,ID_572
2 This trick will change your life forever (Berlin),clickbait,0,ID_573
72 Coach explains new defensive tactics after the game,sports,0,ID_574
"26 Top 7 paslaptys, kurias įmonės nenori, kad žinotumėte (Berlin)",clickbait,1,ID_575
"Ji padarė X — kas nutiks toliau, pribloškia — Number 5 is shocking (Berlin)",clickbait,1,ID_576
"7 10 priežasčių, kodėl niekada nepirkti šio daikto — You won't believe it (Berlin)",clickbait,1,ID_577
"25 Ji padarė X — kas nutiks toliau, pribloškia — Number 5 is shocking (Berlin)",clickbait,1,ID_578
You won't believe what happened next — You won't believe it (New York),clickbait,1,ID_579
Stock market falls amid inflation concerns po pranešimo (Madrid),finance,0,ID_580
This trick will change your life forever (Berlin),clickbait,1,ID_581
Perėjimų gandai: jaunas puolėjas gali kainuoti rekordą (New York),sports,0,ID_582
"7 Central bank cuts rates, markets rally on dovish guidance",finance,0,ID_583
60 10 reasons you should never buy this gadget (Vilnius),clickbait,1,ID_584
"Ji padarė X — kas nutiks toliau, pribloškia — Find out why",clickbait,1,ID_585
45 Treneris aiškino naują gynybos taktiką po rungtynių,sports,0,ID_586
38 She did X — what happens next will shock you — Read more,clickbait,1,ID_587
83 This trick will change your life forever,clickbait,0,ID_588
How to speed up your computer with simple tweaks po pranešimo (Madrid),tech,0,ID_589
63 Top 7 secrets companies don't want you to know,clickbait,1,ID_590
61 Apple unveils a new iPhone with advanced camera and AI features,tech,0,ID_591
Apple unveils a new iPhone with advanced camera and AI features as markets react,tech,0,ID_592
40 This trick will change your life forever,clickbait,0,ID_593
Messi įmušė įspūdingą įvartį Lygų taurėje amid concerns (New York),sports,0,ID_594
32 Analysts predict record profits for the banking sector po pranešimo,finance,0,ID_595
60 You won't believe what happened next,clickbait,0,ID_596
58 You won't believe what happened next,clickbait,1,ID_597
50 Šis triukas pakeis jūsų gyvenimą amžiams — You won't believe it,clickbait,1,ID_598
"53 Ji padarė X — kas nutiks toliau, pribloškia",clickbait,1,ID_599
"Top 7 paslaptys, kurias įmonės nenori, kad žinotumėte — Find out why (Madrid)",clickbait,1,ID_600
72 Kaip pagreitinti kompiuterį paprastais triukais,tech,0,ID_601
3 Earnings beat expectations as revenue grows in cloud segment,finance,0,ID_602
17 You won't believe what happened next — Number 5 is shocking (Paris),clickbait,1,ID_603
Messi įmušė įspūdingą įvartį Lygų taurėje as markets react (New York),sports,0,ID_604
10 reasons you should never buy this gadget — Find out why (London),clickbait,1,ID_605
83 Kaip pagreitinti kompiuterį paprastais triukais — analysts say,tech,0,ID_606
Vietos komanda laimėjo nacionalinį čempionatą pratęsimuose amid concerns (London),sports,0,ID_607
2 Vietos komanda laimėjo nacionalinį čempionatą pratęsimuose,sports,0,ID_608
"40 Ji padarė X — kas nutiks toliau, pribloškia",clickbait,1,ID_609
Investors hedge inflation risk using index-linked bonds after report,finance,0,ID_610
"94 Top 7 paslaptys, kurias įmonės nenori, kad žinotumėte",clickbait,1,ID_611
Transfer rumors suggest a record deal for the young striker as markets react,sports,0,ID_612
Treneris aiškino naują gynybos taktiką po rungtynių analitikų teigimu,sports,0,ID_613
5 Earnings beat expectations as revenue grows in cloud segment,finance,0,ID_614
45 Local team wins national championship in overtime (Berlin),sports,0,ID_615
Startuolis pritraukė 50 mln. USD DI platformos plėtrai po pranešimo (Paris),tech,0,ID_616
"96 Top 7 paslaptys, kurias įmonės nenori, kad žinotumėte",clickbait,1,ID_617
Startuolis pritraukė 50 mln. USD DI platformos plėtrai as markets react (Berlin),tech,0,ID_618
Analysts predict record profits for the banking sector (New York),finance,0,ID_619
64 You won't believe what happened next,clickbait,1,ID_620
20 Stock market falls amid inflation concerns,finance,0,ID_621
31 You won't believe what happened next,clickbait,0,ID_622
10 Earnings beat expectations as revenue grows in cloud segment,finance,0,ID_623
25 Major security breach affects millions of users worldwide (Vilnius),tech,0,ID_624
Star player signs a multi-year contract with club after report (Madrid),sports,0,ID_625
13 Didelė saugumo spraga paveikė milijonus vartotojų (Kaunas),tech,0,ID_626
16 Messi įmušė įspūdingą įvartį Lygų taurėje,sports,0,ID_627
41 Earnings beat expectations as revenue grows in cloud segment amid concerns,finance,0,ID_628
68 Start-up raises $50 million to scale its AI platform,tech,0,ID_629
Transfer rumors suggest a record deal for the young striker (New York),sports,0,ID_630
52 Apple unveils a new iPhone with advanced camera and AI features — analysts say,tech,0,ID_631
38 This trick will change your life forever — You won't believe it,clickbait,1,ID_632
34 Stock market falls amid inflation concerns (Kaunas),finance,0,ID_633
47 She did X — what happens next will shock you (London),clickbait,0,ID_634
61 10 reasons you should never buy this gadget,clickbait,0,ID_635
57 Analysts predict record profits for the banking sector,finance,0,ID_636
7 Kaip pagreitinti kompiuterį paprastais triukais dėl rinkos reakcijos (New York),tech,0,ID_637
Investors hedge inflation risk using index-linked bonds dėl rinkos reakcijos (Vilnius),finance,0,ID_638
38 How to speed up your computer with simple tweaks,tech,0,ID_639
53 Stock market falls amid inflation concerns analitikų teigimu,finance,0,ID_640
"Negalėsite patikėti, kas įvyko toliau (Vilnius)",clickbait,1,ID_641
22 Major security breach affects millions of users worldwide,tech,0,ID_642
74 Top 7 secrets companies don't want you to know,clickbait,0,ID_643
78 This trick will change your life forever — Number 5 is shocking,clickbait,1,ID_644
This trick will change your life forever — Read more (Madrid),clickbait,1,ID_645
"17 10 priežasčių, kodėl niekada nepirkti šio daikto — Read more (Berlin)",clickbait,1,ID_646
„Apple“ pristatė naują iPhone su pažangia kamera ir DI funkcijomis amid concerns (Madrid),tech,0,ID_647
2 Stock market falls amid inflation concerns,finance,0,ID_648
66 Investors hedge inflation risk using index-linked bonds,finance,0,ID_649
Top 7 secrets companies don't want you to know (London),clickbait,0,ID_650
72 Startuolis pritraukė 50 mln. USD DI platformos plėtrai (Kaunas),tech,0,ID_651
70 Open-source libraries accelerate machine learning workflows,tech,0,ID_652
Analysts predict record profits for the banking sector (London),finance,0,ID_653
29 Stock market falls amid inflation concerns,finance,0,ID_654
100 Messi įmušė įspūdingą įvartį Lygų taurėje po pranešimo,sports,0,ID_655
37 Didelė saugumo spraga paveikė milijonus vartotojų,tech,0,ID_656
98 Apple unveils a new iPhone with advanced camera and AI features,tech,0,ID_657
Messi įmušė įspūdingą įvartį Lygų taurėje po pranešimo (Madrid),sports,0,ID_658
12 Perėjimų gandai: jaunas puolėjas gali kainuoti rekordą (New York),sports,0,ID_659
Messi įmušė įspūdingą įvartį Lygų taurėje in a surprise move,sports,0,ID_660
18 Didelė saugumo spraga paveikė milijonus vartotojų dėl rinkos reakcijos,tech,0,ID_661
8 Messi scores a stunning goal in the Champions League match (Berlin),sports,0,ID_662
16 Apple unveils a new iPhone with advanced camera and AI features po pranešimo,tech,0,ID_663
Local team wins national championship in overtime analitikų teigimu (New York),sports,0,ID_664
Kaip pagreitinti kompiuterį paprastais triukais analitikų teigimu (Paris),tech,0,ID_665
33 Stock market falls amid inflation concerns,finance,0,ID_666
"Ji padarė X — kas nutiks toliau, pribloškia — Find out why (Paris)",clickbait,1,ID_667
50 She did X — what happens next will shock you,clickbait,0,ID_668
71 10 reasons you should never buy this gadget (New York),clickbait,0,ID_669
10 reasons you should never buy this gadget — Read more (New York),clickbait,1,ID_670
41 Top 7 secrets companies don't want you to know,clickbait,0,ID_671
"10 priežasčių, kodėl niekada nepirkti šio daikto — Find out why (Madrid)",clickbait,1,ID_672
40 Star player signs a multi-year contract with club,sports,0,ID_673
Treneris aiškino naują gynybos taktiką po rungtynių amid concerns (Vilnius),sports,0,ID_674
65 Treneris aiškino naują gynybos taktiką po rungtynių (London),sports,0,ID_675
91 You won't believe what happened next (London),clickbait,1,ID_676
67 Messi scores a stunning goal in the Champions League match,sports,0,ID_677
Treneris aiškino naują gynybos taktiką po rungtynių (Kaunas),sports,0,ID_678
12 „Apple“ pristatė naują iPhone su pažangia kamera ir DI funkcijomis,tech,0,ID_679
50 Star player signs a multi-year contract with club,sports,0,ID_680
41 Vietos komanda laimėjo nacionalinį čempionatą pratęsimuose (London),sports,0,ID_681
21 Start-up raises $50 million to scale its AI platform,tech,0,ID_682
43 Treneris aiškino naują gynybos taktiką po rungtynių amid concerns,sports,0,ID_683
97 You won't believe what happened next (Berlin),clickbait,0,ID_684
85 Vietos komanda laimėjo nacionalinį čempionatą pratęsimuose,sports,0,ID_685
74 Star player signs a multi-year contract with club po pranešimo,sports,0,ID_686
86 She did X — what happens next will shock you (Vilnius),clickbait,0,ID_687
60 Startuolis pritraukė 50 mln. USD DI platformos plėtrai,tech,0,ID_688
28 Startuolis pritraukė 50 mln. USD DI platformos plėtrai,tech,0,ID_689
94 Transfer rumors suggest a record deal for the young striker dėl rinkos reakcijos,sports,0,ID_690
73 Open-source libraries accelerate machine learning workflows,tech,0,ID_691
Perėjimų gandai: jaunas puolėjas gali kainuoti rekordą (Berlin),sports,0,ID_692
"58 Negalėsite patikėti, kas įvyko toliau — Find out why",clickbait,1,ID_693
62 Start-up raises $50 million to scale its AI platform,tech,0,ID_694
31 Atviro kodo bibliotekos pagreitina mašininio mokymosi procesus,tech,0,ID_695
60 Earnings beat expectations as revenue grows in cloud segment (Vilnius),finance,0,ID_696
47 Apple unveils a new iPhone with advanced camera and AI features (Berlin),tech,0,ID_697
78 Messi įmušė įspūdingą įvartį Lygų taurėje,sports,0,ID_698
79 Open-source libraries accelerate machine learning workflows analitikų teigimu,tech,0,ID_699
21 She did X — what happens next will shock you,clickbait,1,ID_700
Kaip pagreitinti kompiuterį paprastais triukais — analysts say,tech,0,ID_701
94 Analysts predict record profits for the banking sector analitikų teigimu,finance,0,ID_702
13 Stock market falls amid inflation concerns,finance,0,ID_703
70 Vietos komanda laimėjo nacionalinį čempionatą pratęsimuose,sports,0,ID_704
53 Atviro kodo bibliotekos pagreitina mašininio mokymosi procesus (Berlin),tech,0,ID_705
78 Žvaigždė pasirašė daugiametę sutartį su klubu po pranešimo,sports,0,ID_706
29 Star player signs a multi-year contract with club,sports,0,ID_707
47 Žvaigždė pasirašė daugiametę sutartį su klubu,sports,0,ID_708
Žvaigždė pasirašė daugiametę sutartį su klubu amid concerns,sports,0,ID_709
73 Start-up raises $50 million to scale its AI platform,tech,0,ID_710
"29 Central bank cuts rates, markets rally on dovish guidance",finance,0,ID_711
28 Perėjimų gandai: jaunas puolėjas gali kainuoti rekordą dėl rinkos reakcijos (Vilnius),sports,0,ID_712
"16 Negalėsite patikėti, kas įvyko toliau",clickbait,1,ID_713
Kaip pagreitinti kompiuterį paprastais triukais in a surprise move (New York),tech,0,ID_714
21 Transfer rumors suggest a record deal for the young striker in a surprise move,sports,0,ID_715
12 Vietos komanda laimėjo nacionalinį čempionatą pratęsimuose (Paris),sports,0,ID_716
3 Atviro kodo bibliotekos pagreitina mašininio mokymosi procesus analitikų teigimu (Paris),tech,0,ID_717
50 Analysts predict record profits for the banking sector (London),finance,0,ID_718
10 „Apple“ pristatė naują iPhone su pažangia kamera ir DI funkcijomis,tech,0,ID_719
95 She did X — what happens next will shock you — Find out why,clickbait,1,ID_720
35 She did X — what happens next will shock you (Vilnius),clickbait,0,ID_721
37 Messi įmušė įspūdingą įvartį Lygų taurėje,sports,0,ID_722
25 Top 7 secrets companies don't want you to know,clickbait,0,ID_723
Major security breach affects millions of users worldwide po pranešimo (Madrid),tech,0,ID_724
62 Startuolis pritraukė 50 mln. USD DI platformos plėtrai (Madrid),tech,0,ID_725
84 Open-source libraries accelerate machine learning workflows in a surprise move (London),tech,0,ID_726
63 Kaip pagreitinti kompiuterį paprastais triukais,tech,0,ID_727
41 10 reasons you should never buy this gadget (Kaunas),clickbait,0,ID_728
Open-source libraries accelerate machine learning workflows dėl rinkos reakcijos (Madrid),tech,0,ID_729
100 She did X — what happens next will shock you (New York),clickbait,0,ID_730
35 Investors hedge inflation risk using index-linked bonds,finance,0,ID_731
"20 Ji padarė X — kas nutiks toliau, pribloškia — Number 5 is shocking",clickbait,1,ID_732
3 Analysts predict record profits for the banking sector,finance,0,ID_733
86 Analysts predict record profits for the banking sector,finance,0,ID_734
78 Kaip pagreitinti kompiuterį paprastais triukais,tech,0,ID_735
87 Stock market falls amid inflation concerns,finance,0,ID_736
89 Transfer rumors suggest a record deal for the young striker,sports,0,ID_737
75 Earnings beat expectations as revenue grows in cloud segment,finance,0,ID_738
84 Kaip pagreitinti kompiuterį paprastais triukais,tech,0,ID_739
This trick will change your life forever — Read more (Berlin),clickbait,1,ID_740
78 Apple unveils a new iPhone with advanced camera and AI features — analysts say,tech,0,ID_741
Major security breach affects millions of users worldwide dėl rinkos reakcijos (Madrid),tech,0,ID_742
You won't believe what happened next — Read more (Madrid),clickbait,1,ID_743
Didelė saugumo spraga paveikė milijonus vartotojų in a surprise move (Madrid),tech,0,ID_744
"91 Central bank cuts rates, markets rally on dovish guidance",finance,0,ID_745
Stock market falls amid inflation concerns as markets react (Madrid),finance,0,ID_746
71 Start-up raises $50 million to scale its AI platform analitikų teigimu,tech,0,ID_747
52 You won't believe what happened next,clickbait,1,ID_748
Stock market falls amid inflation concerns amid concerns (Berlin),finance,0,ID_749
38 Earnings beat expectations as revenue grows in cloud segment,finance,0,ID_750
Start-up raises $50 million to scale its AI platform po pranešimo (Paris),tech,0,ID_751
16 Apple unveils a new iPhone with advanced camera and AI features (Kaunas),tech,0,ID_752
25 Stock market falls amid inflation concerns,finance,0,ID_753
86 Start-up raises $50 million to scale its AI platform — analysts say,tech,0,ID_754
3 Investors hedge inflation risk using index-linked bonds,finance,0,ID_755
98 Investors hedge inflation risk using index-linked bonds,finance,0,ID_756
35 Messi įmušė įspūdingą įvartį Lygų taurėje,sports,0,ID_757
57 Vietos komanda laimėjo nacionalinį čempionatą pratęsimuose,sports,0,ID_758
25 Messi scores a stunning goal in the Champions League match (London),sports,0,ID_759
54 Top 7 secrets companies don't want you to know,clickbait,1,ID_760
28 Apple unveils a new iPhone with advanced camera and AI features in a surprise move,tech,0,ID_761
17 Top 7 secrets companies don't want you to know,clickbait,0,ID_762
"9 10 priežasčių, kodėl niekada nepirkti šio daikto — You won't believe it",clickbait,1,ID_763
16 Major security breach affects millions of users worldwide,tech,0,ID_764
49 Local team wins national championship in overtime,sports,0,ID_765
How to speed up your computer with simple tweaks po pranešimo (New York),tech,0,ID_766
"74 10 priežasčių, kodėl niekada nepirkti šio daikto — Find out why",clickbait,1,ID_767
72 How to speed up your computer with simple tweaks,tech,0,ID_768
Stock market falls amid inflation concerns,finance,0,ID_769
53 Transfer rumors suggest a record deal for the young striker,sports,0,ID_770
20 This trick will change your life forever,clickbait,1,ID_771
Didelė saugumo spraga paveikė milijonus vartotojų dėl rinkos reakcijos,tech,0,ID_772
13 How to speed up your computer with simple tweaks,tech,0,ID_773
Messi scores a stunning goal in the Champions League match (Berlin),sports,0,ID_774
28 How to speed up your computer with simple tweaks,tech,0,ID_775
43 You won't believe what happened next (Madrid),clickbait,1,ID_776
Vietos komanda laimėjo nacionalinį čempionatą pratęsimuose po pranešimo (New York),sports,0,ID_777
86 This trick will change your life forever (Kaunas),clickbait,0,ID_778
13 You won't believe what happened next (Kaunas),clickbait,0,ID_779
66 Analysts predict record profits for the banking sector,finance,0,ID_780
10 Major security breach affects millions of users worldwide (New York),tech,0,ID_781
72 Investors hedge inflation risk using index-linked bonds (Madrid),finance,0,ID_782
25 This trick will change your life forever,clickbait,0,ID_783
27 Vietos komanda laimėjo nacionalinį čempionatą pratęsimuose,sports,0,ID_784
12 Startuolis pritraukė 50 mln. USD DI platformos plėtrai,tech,0,ID_785
How to speed up your computer with simple tweaks (London),tech,0,ID_786
93 Major security breach affects millions of users worldwide,tech,0,ID_787
62 Top 7 secrets companies don't want you to know,clickbait,1,ID_788
Atviro kodo bibliotekos pagreitina mašininio mokymosi procesus po pranešimo,tech,0,ID_789
12 Open-source libraries accelerate machine learning workflows,tech,0,ID_790
75 Analysts predict record profits for the banking sector,finance,0,ID_791
46 Kaip pagreitinti kompiuterį paprastais triukais,tech,0,ID_792
33 Didelė saugumo spraga paveikė milijonus vartotojų,tech,0,ID_793
42 Coach explains new defensive tactics after the game,sports,0,ID_794
44 Messi įmušė įspūdingą įvartį Lygų taurėje,sports,0,ID_795
44 Vietos komanda laimėjo nacionalinį čempionatą pratęsimuose analitikų teigimu,sports,0,ID_796
She did X — what happens next will shock you (Madrid),clickbait,0,ID_797
35 Kaip pagreitinti kompiuterį paprastais triukais,tech,0,ID_798
62 Didelė saugumo spraga paveikė milijonus vartotojų,tech,0,ID_799
29 Transfer rumors suggest a record deal for the young striker,sports,0,ID_800
"90 Central bank cuts rates, markets rally on dovish guidance (New York)",finance,0,ID_801
98 Treneris aiškino naują gynybos taktiką po rungtynių,sports,0,ID_802
57 Atviro kodo bibliotekos pagreitina mašininio mokymosi procesus,tech,0,ID_803
97 Start-up raises $50 million to scale its AI platform,tech,0,ID_804
69 „Apple“ pristatė naują iPhone su pažangia kamera ir DI funkcijomis as markets react (Berlin),tech,0,ID_805
92 Startuolis pritraukė 50 mln. USD DI platformos plėtrai,tech,0,ID_806
"Negalėsite patikėti, kas įvyko toliau — Read more (London)",clickbait,1,ID_807
68 Stock market falls amid inflation concerns (New York),finance,0,ID_808
53 Local team wins national championship in overtime,sports,0,ID_809
Investors hedge inflation risk using index-linked bonds in a surprise move (Kaunas),finance,0,ID_810
36 Startuolis pritraukė 50 mln. USD DI platformos plėtrai,tech,0,ID_811
61 Atviro kodo bibliotekos pagreitina mašininio mokymosi procesus,tech,0,ID_812
41 Major security breach affects millions of users worldwide,tech,0,ID_813
Earnings beat expectations as revenue grows in cloud segment dėl rinkos reakcijos (Kaunas),finance,0,ID_814
Messi scores a stunning goal in the Champions League match — analysts say (Vilnius),sports,0,ID_815
83 Perėjimų gandai: jaunas puolėjas gali kainuoti rekordą (London),sports,0,ID_816
55 This trick will change your life forever — Find out why,clickbait,1,ID_817
27 10 reasons you should never buy this gadget (New York),clickbait,0,ID_818
Apple unveils a new iPhone with advanced camera and AI features in a surprise move (Paris),tech,0,ID_819
6 Messi scores a stunning goal in the Champions League match,sports,0,ID_820
"Negalėsite patikėti, kas įvyko toliau (Kaunas)",clickbait,1,ID_821
76 Stock market falls amid inflation concerns dėl rinkos reakcijos,finance,0,ID_822
26 Žvaigždė pasirašė daugiametę sutartį su klubu,sports,0,ID_823
How to speed up your computer with simple tweaks (Kaunas),tech,0,ID_824
50 Žvaigždė pasirašė daugiametę sutartį su klubu dėl rinkos reakcijos,sports,0,ID_825
Investors hedge inflation risk using index-linked bonds after report (Berlin),finance,0,ID_826
10 Investors hedge inflation risk using index-linked bonds,finance,0,ID_827
87 „Apple“ pristatė naują iPhone su pažangia kamera ir DI funkcijomis amid concerns,tech,0,ID_828
84 Transfer rumors suggest a record deal for the young striker,sports,0,ID_829
Local team wins national championship in overtime as markets react,sports,0,ID_830
91 Treneris aiškino naują gynybos taktiką po rungtynių,sports,0,ID_831
2 Open-source libraries accelerate machine learning workflows — analysts say (London),tech,0,ID_832
99 Atviro kodo bibliotekos pagreitina mašininio mokymosi procesus,tech,0,ID_833
This trick will change your life forever (London),clickbait,0,ID_834
26 How to speed up your computer with simple tweaks,tech,0,ID_835
54 Start-up raises $50 million to scale its AI platform,tech,0,ID_836
48 „Apple“ pristatė naują iPhone su pažangia kamera ir DI funkcijomis as markets react,tech,0,ID_837
Šis triukas pakeis jūsų gyvenimą amžiams — Number 5 is shocking,clickbait,1,ID_838
"66 Negalėsite patikėti, kas įvyko toliau",clickbait,1,ID_839
54 Messi įmušė įspūdingą įvartį Lygų taurėje,sports,0,ID_840
89 Atviro kodo bibliotekos pagreitina mašininio mokymosi procesus (Paris),tech,0,ID_841
59 Apple unveils a new iPhone with advanced camera and AI features dėl rinkos reakcijos,tech,0,ID_842
32 Treneris aiškino naują gynybos taktiką po rungtynių,sports,0,ID_843
Startuolis pritraukė 50 mln. USD DI platformos plėtrai amid concerns (Berlin),tech,0,ID_844
98 How to speed up your computer with simple tweaks (London),tech,0,ID_845
"49 Central bank cuts rates, markets rally on dovish guidance",finance,0,ID_846
2 Didelė saugumo spraga paveikė milijonus vartotojų,tech,0,ID_847
95 Earnings beat expectations as revenue grows in cloud segment,finance,0,ID_848
36 Local team wins national championship in overtime analitikų teigimu (Vilnius),sports,0,ID_849
18 Treneris aiškino naują gynybos taktiką po rungtynių,sports,0,ID_850
84 Atviro kodo bibliotekos pagreitina mašininio mokymosi procesus (Vilnius),tech,0,ID_851
You won't believe what happened next — Find out why (Berlin),clickbait,1,ID_852
60 Messi įmušė įspūdingą įvartį Lygų taurėje po pranešimo (Berlin),sports,0,ID_853
21 Star player signs a multi-year contract with club,sports,0,ID_854
Perėjimų gandai: jaunas puolėjas gali kainuoti rekordą as markets react,sports,0,ID_855
53 Atviro kodo bibliotekos pagreitina mašininio mokymosi procesus (London),tech,0,ID_856
82 Messi scores a stunning goal in the Champions League match,sports,0,ID_857
42 Treneris aiškino naują gynybos taktiką po rungtynių,sports,0,ID_858
69 Perėjimų gandai: jaunas puolėjas gali kainuoti rekordą (Berlin),sports,0,ID_859
63 Žvaigždė pasirašė daugiametę sutartį su klubu analitikų teigimu,sports,0,ID_860
57 Messi scores a stunning goal in the Champions League match amid concerns,sports,0,ID_861
Investors hedge inflation risk using index-linked bonds dėl rinkos reakcijos,finance,0,ID_862
57 Transfer rumors suggest a record deal for the young striker,sports,0,ID_863
15 This trick will change your life forever,clickbait,0,ID_864
52 Messi įmušė įspūdingą įvartį Lygų taurėje po pranešimo,sports,0,ID_865
50 Messi scores a stunning goal in the Champions League match,sports,0,ID_866
Kaip pagreitinti kompiuterį paprastais triukais as markets react,tech,0,ID_867
Analysts predict record profits for the banking sector as markets react,finance,0,ID_868
13 Open-source libraries accelerate machine learning workflows analitikų teigimu,tech,0,ID_869
91 Atviro kodo bibliotekos pagreitina mašininio mokymosi procesus analitikų teigimu (Paris),tech,0,ID_870
16 Perėjimų gandai: jaunas puolėjas gali kainuoti rekordą — analysts say,sports,0,ID_871
88 Žvaigždė pasirašė daugiametę sutartį su klubu,sports,0,ID_872
100 „Apple“ pristatė naują iPhone su pažangia kamera ir DI funkcijomis (Madrid),tech,0,ID_873
Start-up raises $50 million to scale its AI platform dėl rinkos reakcijos,tech,0,ID_874
Didelė saugumo spraga paveikė milijonus vartotojų dėl rinkos reakcijos (Madrid),tech,0,ID_875
86 Vietos komanda laimėjo nacionalinį čempionatą pratęsimuose,sports,0,ID_876
Didelė saugumo spraga paveikė milijonus vartotojų — analysts say (Kaunas),tech,0,ID_877
94 Major security breach affects millions of users worldwide amid concerns,tech,0,ID_878
34 Vietos komanda laimėjo nacionalinį čempionatą pratęsimuose,sports,0,ID_879
30 How to speed up your computer with simple tweaks — analysts say,tech,0,ID_880
95 Open-source libraries accelerate machine learning workflows,tech,0,ID_881
18 Messi scores a stunning goal in the Champions League match,sports,0,ID_882
50 Analysts predict record profits for the banking sector (Kaunas),finance,0,ID_883
She did X — what happens next will shock you — Read more,clickbait,1,ID_884
"10 priežasčių, kodėl niekada nepirkti šio daikto — Find out why (Paris)",clickbait,1,ID_885
Žvaigždė pasirašė daugiametę sutartį su klubu as markets react (Madrid),sports,0,ID_886
54 Šis triukas pakeis jūsų gyvenimą amžiams,clickbait,1,ID_887
42 Apple unveils a new iPhone with advanced camera and AI features,tech,0,ID_888
23 Open-source libraries accelerate machine learning workflows,tech,0,ID_889
5 10 reasons you should never buy this gadget,clickbait,0,ID_890
31 Messi įmušė įspūdingą įvartį Lygų taurėje,sports,0,ID_891
Transfer rumors suggest a record deal for the young striker dėl rinkos reakcijos (Paris),sports,0,ID_892
16 Start-up raises $50 million to scale its AI platform,tech,0,ID_893
Perėjimų gandai: jaunas puolėjas gali kainuoti rekordą analitikų teigimu,sports,0,ID_894
35 How to speed up your computer with simple tweaks,tech,0,ID_895
37 Atviro kodo bibliotekos pagreitina mašininio mokymosi procesus,tech,0,ID_896
57 Start-up raises $50 million to scale its AI platform dėl rinkos reakcijos,tech,0,ID_897
"Ji padarė X — kas nutiks toliau, pribloškia — Find out why (New York)",clickbait,1,ID_898
25 Earnings beat expectations as revenue grows in cloud segment,finance,0,ID_899
Local team wins national championship in overtime,sports,0,ID_900
Kaip pagreitinti kompiuterį paprastais triukais analitikų teigimu (Madrid),tech,0,ID_901
Messi scores a stunning goal in the Champions League match dėl rinkos reakcijos,sports,0,ID_902
„Apple“ pristatė naują iPhone su pažangia kamera ir DI funkcijomis after report (New York),tech,0,ID_903
24 She did X — what happens next will shock you,clickbait,1,ID_904
56 Atviro kodo bibliotekos pagreitina mašininio mokymosi procesus,tech,0,ID_905
46 She did X — what happens next will shock you,clickbait,0,ID_906
Major security breach affects millions of users worldwide after report (Madrid),tech,0,ID_907
5 Star player signs a multi-year contract with club (Kaunas),sports,0,ID_908
77 Stock market falls amid inflation concerns dėl rinkos reakcijos,finance,0,ID_909
30 Kaip pagreitinti kompiuterį paprastais triukais,tech,0,ID_910
27 Earnings beat expectations as revenue grows in cloud segment (Vilnius),finance,0,ID_911
This trick will change your life forever — Find out why (Paris),clickbait,1,ID_912
45 Perėjimų gandai: jaunas puolėjas gali kainuoti rekordą,sports,0,ID_913
99 Vietos komanda laimėjo nacionalinį čempionatą pratęsimuose,sports,0,ID_914
97 10 reasons you should never buy this gadget,clickbait,0,ID_915
You won't believe what happened next (Kaunas),clickbait,0,ID_916
Star player signs a multi-year contract with club (New York),sports,0,ID_917
5 Transfer rumors suggest a record deal for the young striker (London),sports,0,ID_918
You won't believe what happened next — Find out why,clickbait,1,ID_919
Šis triukas pakeis jūsų gyvenimą amžiams (New York),clickbait,1,ID_920
Žvaigždė pasirašė daugiametę sutartį su klubu (Madrid),sports,0,ID_921
74 Stock market falls amid inflation concerns,finance,0,ID_922
30 Messi scores a stunning goal in the Champions League match,sports,0,ID_923
11 Perėjimų gandai: jaunas puolėjas gali kainuoti rekordą as markets react,sports,0,ID_924
78 Open-source libraries accelerate machine learning workflows analitikų teigimu (Madrid),tech,0,ID_925
Kaip pagreitinti kompiuterį paprastais triukais dėl rinkos reakcijos (Kaunas),tech,0,ID_926
Treneris aiškino naują gynybos taktiką po rungtynių (Madrid),sports,0,ID_927
Analysts predict record profits for the banking sector analitikų teigimu (London),finance,0,ID_928
73 Startuolis pritraukė 50 mln. USD DI platformos plėtrai,tech,0,ID_929
11 Major security breach affects millions of users worldwide analitikų teigimu,tech,0,ID_930
Stock market falls amid inflation concerns analitikų teigimu,finance,0,ID_931
Star player signs a multi-year contract with club analitikų teigimu (Madrid),sports,0,ID_932
30 Žvaigždė pasirašė daugiametę sutartį su klubu,sports,0,ID_933
Kaip pagreitinti kompiuterį paprastais triukais in a surprise move (Vilnius),tech,0,ID_934
5 Major security breach affects millions of users worldwide after report,tech,0,ID_935
57 She did X — what happens next will shock you — Find out why,clickbait,1,ID_936
24 You won't believe what happened next,clickbait,0,ID_937
80 „Apple“ pristatė naują iPhone su pažangia kamera ir DI funkcijomis,tech,0,ID_938
"45 Negalėsite patikėti, kas įvyko toliau (Paris)",clickbait,1,ID_939
Atviro kodo bibliotekos pagreitina mašininio mokymosi procesus analitikų teigimu (Madrid),tech,0,ID_940
47 Coach explains new defensive tactics after the game,sports,0,ID_941
91 Investors hedge inflation risk using index-linked bonds (Madrid),finance,0,ID_942
35 Vietos komanda laimėjo nacionalinį čempionatą pratęsimuose,sports,0,ID_943
Startuolis pritraukė 50 mln. USD DI platformos plėtrai,tech,0,ID_944
85 Star player signs a multi-year contract with club analitikų teigimu,sports,0,ID_945
24 Atviro kodo bibliotekos pagreitina mašininio mokymosi procesus,tech,0,ID_946
56 Open-source libraries accelerate machine learning workflows (New York),tech,0,ID_947
93 Investors hedge inflation risk using index-linked bonds,finance,0,ID_948
92 Messi įmušė įspūdingą įvartį Lygų taurėje (Madrid),sports,0,ID_949
75 Investors hedge inflation risk using index-linked bonds in a surprise move,finance,0,ID_950
22 Transfer rumors suggest a record deal for the young striker,sports,0,ID_951
32 Žvaigždė pasirašė daugiametę sutartį su klubu,sports,0,ID_952
64 Stock market falls amid inflation concerns,finance,0,ID_953
2 Major security breach affects millions of users worldwide,tech,0,ID_954
95 Perėjimų gandai: jaunas puolėjas gali kainuoti rekordą in a surprise move,sports,0,ID_955
"81 Top 7 paslaptys, kurias įmonės nenori, kad žinotumėte — You won't believe it",clickbait,1,ID_956
100 Major security breach affects millions of users worldwide,tech,0,ID_957
81 Žvaigždė pasirašė daugiametę sutartį su klubu,sports,0,ID_958
92 Open-source libraries accelerate machine learning workflows,tech,0,ID_959
53 Coach explains new defensive tactics after the game dėl rinkos reakcijos,sports,0,ID_960
You won't believe what happened next — Read more (New York),clickbait,1,ID_961
"41 Top 7 paslaptys, kurias įmonės nenori, kad žinotumėte — You won't believe it",clickbait,1,ID_962
"Ji padarė X — kas nutiks toliau, pribloškia — Find out why (Vilnius)",clickbait,1,ID_963
94 This trick will change your life forever — Number 5 is shocking,clickbait,1,ID_964
21 Didelė saugumo spraga paveikė milijonus vartotojų,tech,0,ID_965
16 10 reasons you should never buy this gadget,clickbait,1,ID_966
42 This trick will change your life forever,clickbait,1,ID_967
"95 Ji padarė X — kas nutiks toliau, pribloškia",clickbait,1,ID_968
24 10 reasons you should never buy this gadget,clickbait,1,ID_969
43 Treneris aiškino naują gynybos taktiką po rungtynių,sports,0,ID_970
2 Top 7 secrets companies don't want you to know,clickbait,0,ID_971
Žvaigždė pasirašė daugiametę sutartį su klubu (New York),sports,0,ID_972
34 This trick will change your life forever,clickbait,0,ID_973
"36 Ji padarė X — kas nutiks toliau, pribloškia",clickbait,1,ID_974
47 Kaip pagreitinti kompiuterį paprastais triukais as markets react,tech,0,ID_975
21 Analysts predict record profits for the banking sector (Berlin),finance,0,ID_976
"83 10 priežasčių, kodėl niekada nepirkti šio daikto",clickbait,1,ID_977
14 Startuolis pritraukė 50 mln. USD DI platformos plėtrai,tech,0,ID_978
Transfer rumors suggest a record deal for the young striker po pranešimo (Kaunas),sports,0,ID_979
76 10 reasons you should never buy this gadget (London),clickbait,1,ID_980
"10 priežasčių, kodėl niekada nepirkti šio daikto — Number 5 is shocking (Kaunas)",clickbait,1,ID_981
„Apple“ pristatė naują iPhone su pažangia kamera ir DI funkcijomis (New York),tech,0,ID_982
22 She did X — what happens next will shock you,clickbait,0,ID_983
84 Open-source libraries accelerate machine learning workflows,tech,0,ID_984
79 She did X — what happens next will shock you,clickbait,0,ID_985
12 Didelė saugumo spraga paveikė milijonus vartotojų,tech,0,ID_986
Stock market falls amid inflation concerns po pranešimo (Kaunas),finance,0,ID_987
Atviro kodo bibliotekos pagreitina mašininio mokymosi procesus dėl rinkos reakcijos (Berlin),tech,0,ID_988
Perėjimų gandai: jaunas puolėjas gali kainuoti rekordą po pranešimo (Berlin),sports,0,ID_989
34 This trick will change your life forever — You won't believe it (Kaunas),clickbait,1,ID_990
27 You won't believe what happened next — You won't believe it,clickbait,1,ID_991
61 Atviro kodo bibliotekos pagreitina mašininio mokymosi procesus — analysts say,tech,0,ID_992
"7 Negalėsite patikėti, kas įvyko toliau",clickbait,1,ID_993
47 Apple unveils a new iPhone with advanced camera and AI features,tech,0,ID_994
66 Stock market falls amid inflation concerns,finance,0,ID_995
Vietos komanda laimėjo nacionalinį čempionatą pratęsimuose analitikų teigimu,sports,0,ID_996
49 Major security breach affects millions of users worldwide,tech,0,ID_997
Žvaigždė pasirašė daugiametę sutartį su klubu as markets react,sports,0,ID_998
25 „Apple“ pristatė naują iPhone su pažangia kamera ir DI funkcijomis (Madrid),tech,0,ID_999
91 Stock market falls amid inflation concerns,finance,0,ID_1000
Analysts predict record profits for the banking sector (Paris),finance,0,ID_1001
44 Analysts predict record profits for the banking sector,finance,0,ID_1002
33 Major security breach affects millions of users worldwide,tech,0,ID_1003
27 Coach explains new defensive tactics after the game,sports,0,ID_1004
7 Transfer rumors suggest a record deal for the young striker,sports,0,ID_1005
Žvaigždė pasirašė daugiametę sutartį su klubu — analysts say (Madrid),sports,0,ID_1006
45 Transfer rumors suggest a record deal for the young striker (London),sports,0,ID_1007
38 Apple unveils a new iPhone with advanced camera and AI features,tech,0,ID_1008
13 Coach explains new defensive tactics after the game (New York),sports,0,ID_1009
Treneris aiškino naują gynybos taktiką po rungtynių (Vilnius),sports,0,ID_1010
68 Vietos komanda laimėjo nacionalinį čempionatą pratęsimuose as markets react,sports,0,ID_1011
"41 Negalėsite patikėti, kas įvyko toliau — Number 5 is shocking",clickbait,1,ID_1012
Startuolis pritraukė 50 mln. USD DI platformos plėtrai analitikų teigimu (New York),tech,0,ID_1013
"93 Top 7 paslaptys, kurias įmonės nenori, kad žinotumėte — Find out why",clickbait,1,ID_1014
82 You won't believe what happened next,clickbait,0,ID_1015
77 Top 7 secrets companies don't want you to know,clickbait,1,ID_1016
45 Startuolis pritraukė 50 mln. USD DI platformos plėtrai po pranešimo,tech,0,ID_1017
Earnings beat expectations as revenue grows in cloud segment (Kaunas),finance,0,ID_1018
87 Treneris aiškino naują gynybos taktiką po rungtynių amid concerns,sports,0,ID_1019
100 Start-up raises $50 million to scale its AI platform (Paris),tech,0,ID_1020
90 Earnings beat expectations as revenue grows in cloud segment as markets react,finance,0,ID_1021
19 Top 7 secrets companies don't want you to know,clickbait,1,ID_1022
49 Transfer rumors suggest a record deal for the young striker — analysts say (Kaunas),sports,0,ID_1023
64 Treneris aiškino naują gynybos taktiką po rungtynių,sports,0,ID_1024
42 Kaip pagreitinti kompiuterį paprastais triukais amid concerns,tech,0,ID_1025
"37 Central bank cuts rates, markets rally on dovish guidance",finance,0,ID_1026
22 You won't believe what happened next,clickbait,1,ID_1027
"8 Ji padarė X — kas nutiks toliau, pribloškia — You won't believe it (Madrid)",clickbait,1,ID_1028
Messi scores a stunning goal in the Champions League match in a surprise move,sports,0,ID_1029
Transfer rumors suggest a record deal for the young striker — analysts say (Vilnius),sports,0,ID_1030
90 Kaip pagreitinti kompiuterį paprastais triukais po pranešimo,tech,0,ID_1031
56 Local team wins national championship in overtime,sports,0,ID_1032
"18 Ji padarė X — kas nutiks toliau, pribloškia — Find out why",clickbait,1,ID_1033
"56 Negalėsite patikėti, kas įvyko toliau — Read more (Kaunas)",clickbait,1,ID_1034
Treneris aiškino naują gynybos taktiką po rungtynių in a surprise move,sports,0,ID_1035
"79 Top 7 paslaptys, kurias įmonės nenori, kad žinotumėte",clickbait,1,ID_1036
30 Treneris aiškino naują gynybos taktiką po rungtynių,sports,0,ID_1037
62 Earnings beat expectations as revenue grows in cloud segment,finance,0,ID_1038
76 This trick will change your life forever,clickbait,0,ID_1039
78 Coach explains new defensive tactics after the game,sports,0,ID_1040
16 Earnings beat expectations as revenue grows in cloud segment in a surprise move,finance,0,ID_1041
42 Local team wins national championship in overtime,sports,0,ID_1042
67 Messi įmušė įspūdingą įvartį Lygų taurėje (Paris),sports,0,ID_1043
35 Žvaigždė pasirašė daugiametę sutartį su klubu amid concerns,sports,0,ID_1044
61 She did X — what happens next will shock you — You won't believe it,clickbait,1,ID_1045
24 „Apple“ pristatė naują iPhone su pažangia kamera ir DI funkcijomis (New York),tech,0,ID_1046
48 Coach explains new defensive tactics after the game,sports,0,ID_1047
57 10 reasons you should never buy this gadget,clickbait,1,ID_1048
59 Stock market falls amid inflation concerns,finance,0,ID_1049
Kaip pagreitinti kompiuterį paprastais triukais amid concerns (Vilnius),tech,0,ID_1050
28 Earnings beat expectations as revenue grows in cloud segment,finance,0,ID_1051
Didelė saugumo spraga paveikė milijonus vartotojų in a surprise move (Kaunas),tech,0,ID_1052
19 Investors hedge inflation risk using index-linked bonds (London),finance,0,ID_1053
28 You won't believe what happened next (Paris),clickbait,0,ID_1054
Startuolis pritraukė 50 mln. USD DI platformos plėtrai po pranešimo (Kaunas),tech,0,ID_1055
6 Vietos komanda laimėjo nacionalinį čempionatą pratęsimuose amid concerns,sports,0,ID_1056
"44 10 priežasčių, kodėl niekada nepirkti šio daikto",clickbait,1,ID_1057
82 „Apple“ pristatė naują iPhone su pažangia kamera ir DI funkcijomis in a surprise move (Vilnius),tech,0,ID_1058
51 Treneris aiškino naują gynybos taktiką po rungtynių,sports,0,ID_1059
"Top 7 paslaptys, kurias įmonės nenori, kad žinotumėte (Vilnius)",clickbait,1,ID_1060
Transfer rumors suggest a record deal for the young striker — analysts say,sports,0,ID_1061
How to speed up your computer with simple tweaks after report (Madrid),tech,0,ID_1062
Start-up raises $50 million to scale its AI platform as markets react (Vilnius),tech,0,ID_1063
„Apple“ pristatė naują iPhone su pažangia kamera ir DI funkcijomis in a surprise move (London),tech,0,ID_1064
32 Perėjimų gandai: jaunas puolėjas gali kainuoti rekordą,sports,0,ID_1065
2 Star player signs a multi-year contract with club,sports,0,ID_1066
"Top 7 paslaptys, kurias įmonės nenori, kad žinotumėte — Number 5 is shocking (Paris)",clickbait,1,ID_1067
32 Open-source libraries accelerate machine learning workflows,tech,0,ID_1068
"69 Central bank cuts rates, markets rally on dovish guidance",finance,0,ID_1069
Open-source libraries accelerate machine learning workflows as markets react (New York),tech,0,ID_1070
Vietos komanda laimėjo nacionalinį čempionatą pratęsimuose in a surprise move (London),sports,0,ID_1071
74 Žvaigždė pasirašė daugiametę sutartį su klubu — analysts say,sports,0,ID_1072
20 Didelė saugumo spraga paveikė milijonus vartotojų,tech,0,ID_1073
Investors hedge inflation risk using index-linked bonds dėl rinkos reakcijos (New York),finance,0,ID_1074
48 Local team wins national championship in overtime,sports,0,ID_1075
82 She did X — what happens next will shock you (Kaunas),clickbait,1,ID_1076
40 Open-source libraries accelerate machine learning workflows (Berlin),tech,0,ID_1077
30 Stock market falls amid inflation concerns,finance,0,ID_1078
"10 priežasčių, kodėl niekada nepirkti šio daikto — Read more",clickbait,1,ID_1079
25 Start-up raises $50 million to scale its AI platform,tech,0,ID_1080
81 Open-source libraries accelerate machine learning workflows,tech,0,ID_1081
45 Atviro kodo bibliotekos pagreitina mašininio mokymosi procesus,tech,0,ID_1082
45 Kaip pagreitinti kompiuterį paprastais triukais (London),tech,0,ID_1083
57 Treneris aiškino naują gynybos taktiką po rungtynių,sports,0,ID_1084
50 Didelė saugumo spraga paveikė milijonus vartotojų,tech,0,ID_1085
12 Major security breach affects millions of users worldwide,tech,0,ID_1086
8 Treneris aiškino naują gynybos taktiką po rungtynių (Madrid),sports,0,ID_1087
"10 priežasčių, kodėl niekada nepirkti šio daikto (Kaunas)",clickbait,1,ID_1088
"24 Central bank cuts rates, markets rally on dovish guidance in a surprise move",finance,0,ID_1089
Stock market falls amid inflation concerns after report (Berlin),finance,0,ID_1090
27 Didelė saugumo spraga paveikė milijonus vartotojų as markets react,tech,0,ID_1091
17 Open-source libraries accelerate machine learning workflows,tech,0,ID_1092
64 Earnings beat expectations as revenue grows in cloud segment,finance,0,ID_1093
77 Open-source libraries accelerate machine learning workflows,tech,0,ID_1094
49 Transfer rumors suggest a record deal for the young striker,sports,0,ID_1095
99 She did X — what happens next will shock you,clickbait,0,ID_1096
Didelė saugumo spraga paveikė milijonus vartotojų in a surprise move,tech,0,ID_1097
49 Didelė saugumo spraga paveikė milijonus vartotojų po pranešimo,tech,0,ID_1098
Coach explains new defensive tactics after the game (Kaunas),sports,0,ID_1099
57 Coach explains new defensive tactics after the game,sports,0,ID_1100
"40 Central bank cuts rates, markets rally on dovish guidance (Madrid)",finance,0,ID_1101
Perėjimų gandai: jaunas puolėjas gali kainuoti rekordą amid concerns (Vilnius),sports,0,ID_1102
34 Perėjimų gandai: jaunas puolėjas gali kainuoti rekordą,sports,0,ID_1103
23 Apple unveils a new iPhone with advanced camera and AI features after report,tech,0,ID_1104
100 Kaip pagreitinti kompiuterį paprastais triukais (New York),tech,0,ID_1105
16 Earnings beat expectations as revenue grows in cloud segment,finance,0,ID_1106
75 10 reasons you should never buy this gadget,clickbait,0,ID_1107
74 Earnings beat expectations as revenue grows in cloud segment,finance,0,ID_1108
100 Local team wins national championship in overtime,sports,0,ID_1109
75 „Apple“ pristatė naują iPhone su pažangia kamera ir DI funkcijomis (London),tech,0,ID_1110
79 Apple unveils a new iPhone with advanced camera and AI features,tech,0,ID_1111
11 Local team wins national championship in overtime,sports,0,ID_1112
56 She did X — what happens next will shock you (Berlin),clickbait,0,ID_1113
Transfer rumors suggest a record deal for the young striker dėl rinkos reakcijos (New York),sports,0,ID_1114
"15 Top 7 paslaptys, kurias įmonės nenori, kad žinotumėte",clickbait,1,ID_1115
31 Start-up raises $50 million to scale its AI platform dėl rinkos reakcijos,tech,0,ID_1116
45 You won't believe what happened next,clickbait,0,ID_1117
Star player signs a multi-year contract with club analitikų teigimu,sports,0,ID_1118
83 This trick will change your life forever (Paris),clickbait,0,ID_1119
"Top 7 paslaptys, kurias įmonės nenori, kad žinotumėte (London)",clickbait,1,ID_1120
74 Treneris aiškino naują gynybos taktiką po rungtynių dėl rinkos reakcijos,sports,0,ID_1121
15 Kaip pagreitinti kompiuterį paprastais triukais,tech,0,ID_1122
Vietos komanda laimėjo nacionalinį čempionatą pratęsimuose,sports,0,ID_1123
91 How to speed up your computer with simple tweaks,tech,0,ID_1124
97 Žvaigždė pasirašė daugiametę sutartį su klubu,sports,0,ID_1125
40 She did X — what happens next will shock you,clickbait,0,ID_1126
2 This trick will change your life forever — You won't believe it,clickbait,1,ID_1127
Earnings beat expectations as revenue grows in cloud segment in a surprise move,finance,0,ID_1128
43 Major security breach affects millions of users worldwide po pranešimo,tech,0,ID_1129
37 Start-up raises $50 million to scale its AI platform po pranešimo,tech,0,ID_1130
Top 7 secrets companies don't want you to know — You won't believe it (Kaunas),clickbait,1,ID_1131
9 Perėjimų gandai: jaunas puolėjas gali kainuoti rekordą,sports,0,ID_1132
44 Major security breach affects millions of users worldwide,tech,0,ID_1133
She did X — what happens next will shock you — Find out why (Berlin),clickbait,1,ID_1134
21 Perėjimų gandai: jaunas puolėjas gali kainuoti rekordą amid concerns (Vilnius),sports,0,ID_1135
90 Star player signs a multi-year contract with club,sports,0,ID_1136
"7 Top 7 paslaptys, kurias įmonės nenori, kad žinotumėte — Read more",clickbait,1,ID_1137
64 Treneris aiškino naują gynybos taktiką po rungtynių (London),sports,0,ID_1138
21 You won't believe what happened next,clickbait,1,ID_1139
46 10 reasons you should never buy this gadget,clickbait,0,ID_1140
24 Stock market falls amid inflation concerns,finance,0,ID_1141
50 Coach explains new defensive tactics after the game as markets react,sports,0,ID_1142
Top 7 secrets companies don't want you to know — Read more (London),clickbait,1,ID_1143
13 Earnings beat expectations as revenue grows in cloud segment,finance,0,ID_1144
Coach explains new defensive tactics after the game analitikų teigimu (Madrid),sports,0,ID_1145
10 reasons you should never buy this gadget (Vilnius),clickbait,1,ID_1146
Perėjimų gandai: jaunas puolėjas gali kainuoti rekordą analitikų teigimu (Berlin),sports,0,ID_1147
59 Star player signs a multi-year contract with club,sports,0,ID_1148
56 Messi įmušė įspūdingą įvartį Lygų taurėje,sports,0,ID_1149
"32 Top 7 paslaptys, kurias įmonės nenori, kad žinotumėte",clickbait,1,ID_1150
Analysts predict record profits for the banking sector as markets react (Kaunas),finance,0,ID_1151
"54 Ji padarė X — kas nutiks toliau, pribloškia",clickbait,1,ID_1152
43 Perėjimų gandai: jaunas puolėjas gali kainuoti rekordą,sports,0,ID_1153
49 10 reasons you should never buy this gadget,clickbait,0,ID_1154
72 Treneris aiškino naują gynybos taktiką po rungtynių po pranešimo (Kaunas),sports,0,ID_1155
"60 Negalėsite patikėti, kas įvyko toliau (Berlin)",clickbait,1,ID_1156
"Negalėsite patikėti, kas įvyko toliau — Number 5 is shocking (Paris)",clickbait,1,ID_1157
77 Startuolis pritraukė 50 mln. USD DI platformos plėtrai po pranešimo,tech,0,ID_1158
76 Open-source libraries accelerate machine learning workflows,tech,0,ID_1159
82 Transfer rumors suggest a record deal for the young striker (Kaunas),sports,0,ID_1160
31 Didelė saugumo spraga paveikė milijonus vartotojų,tech,0,ID_1161
6 This trick will change your life forever — Number 5 is shocking,clickbait,1,ID_1162
5 Top 7 secrets companies don't want you to know,clickbait,1,ID_1163
"Ji padarė X — kas nutiks toliau, pribloškia (Madrid)",clickbait,1,ID_1164
79 Messi įmušė įspūdingą įvartį Lygų taurėje,sports,0,ID_1165
Stock market falls amid inflation concerns (Paris),finance,0,ID_1166
7 Vietos komanda laimėjo nacionalinį čempionatą pratęsimuose (Kaunas),sports,0,ID_1167
30 Major security breach affects millions of users worldwide,tech,0,ID_1168
59 Kaip pagreitinti kompiuterį paprastais triukais (Kaunas),tech,0,ID_1169
"56 Top 7 paslaptys, kurias įmonės nenori, kad žinotumėte",clickbait,1,ID_1170
5 Investors hedge inflation risk using index-linked bonds as markets react,finance,0,ID_1171
13 Open-source libraries accelerate machine learning workflows,tech,0,ID_1172
7 Kaip pagreitinti kompiuterį paprastais triukais,tech,0,ID_1173
60 Coach explains new defensive tactics after the game po pranešimo,sports,0,ID_1174
69 Šis triukas pakeis jūsų gyvenimą amžiams,clickbait,1,ID_1175
71 10 reasons you should never buy this gadget,clickbait,1,ID_1176
"Ji padarė X — kas nutiks toliau, pribloškia — Read more (Berlin)",clickbait,1,ID_1177
10 Earnings beat expectations as revenue grows in cloud segment (Vilnius),finance,0,ID_1178
46 Coach explains new defensive tactics after the game as markets react,sports,0,ID_1179
30 Messi scores a stunning goal in the Champions League match (Madrid),sports,0,ID_1180
25 Kaip pagreitinti kompiuterį paprastais triukais,tech,0,ID_1181
2 Analysts predict record profits for the banking sector (Paris),finance,0,ID_1182
33 Start-up raises $50 million to scale its AI platform,tech,0,ID_1183
87 Open-source libraries accelerate machine learning workflows (London),tech,0,ID_1184
12 Top 7 secrets companies don't want you to know,clickbait,1,ID_1185
She did X — what happens next will shock you — Find out why (Vilnius),clickbait,1,ID_1186
69 Treneris aiškino naują gynybos taktiką po rungtynių (Paris),sports,0,ID_1187
40 Atviro kodo bibliotekos pagreitina mašininio mokymosi procesus analitikų teigimu,tech,0,ID_1188
28 Messi scores a stunning goal in the Champions League match,sports,0,ID_1189
47 Top 7 secrets companies don't want you to know (New York),clickbait,0,ID_1190
She did X — what happens next will shock you — Number 5 is shocking,clickbait,1,ID_1191
Analysts predict record profits for the banking sector dėl rinkos reakcijos (Kaunas),finance,0,ID_1192
Žvaigždė pasirašė daugiametę sutartį su klubu — analysts say (New York),sports,0,ID_1193
Didelė saugumo spraga paveikė milijonus vartotojų amid concerns,tech,0,ID_1194
22 Stock market falls amid inflation concerns po pranešimo (Kaunas),finance,0,ID_1195
Treneris aiškino naują gynybos taktiką po rungtynių analitikų teigimu (Berlin),sports,0,ID_1196
46 Top 7 secrets companies don't want you to know (London),clickbait,0,ID_1197
14 Stock market falls amid inflation concerns (London),finance,0,ID_1198
48 Treneris aiškino naują gynybos taktiką po rungtynių,sports,0,ID_1199
99 This trick will change your life forever,clickbait,0,ID_1200
40 Messi scores a stunning goal in the Champions League match (Kaunas),sports,0,ID_1201
Šis triukas pakeis jūsų gyvenimą amžiams — Find out why,clickbait,1,ID_1202
81 Atviro kodo bibliotekos pagreitina mašininio mokymosi procesus,tech,0,ID_1203
31 Analysts predict record profits for the banking sector in a surprise move,finance,0,ID_1204
10 reasons you should never buy this gadget — Number 5 is shocking (New York),clickbait,1,ID_1205
95 Major security breach affects millions of users worldwide amid concerns,tech,0,ID_1206
40 Perėjimų gandai: jaunas puolėjas gali kainuoti rekordą,sports,0,ID_1207
51 She did X — what happens next will shock you,clickbait,0,ID_1208
61 10 reasons you should never buy this gadget (Vilnius),clickbait,0,ID_1209
35 Top 7 secrets companies don't want you to know,clickbait,1,ID_1210
"12 Central bank cuts rates, markets rally on dovish guidance (Berlin)",finance,0,ID_1211
Kaip pagreitinti kompiuterį paprastais triukais amid concerns (New York),tech,0,ID_1212
71 Vietos komanda laimėjo nacionalinį čempionatą pratęsimuose,sports,0,ID_1213
7 Investors hedge inflation risk using index-linked bonds,finance,0,ID_1214
36 You won't believe what happened next,clickbait,0,ID_1215
"87 Central bank cuts rates, markets rally on dovish guidance",finance,0,ID_1216
Major security breach affects millions of users worldwide in a surprise move (New York),tech,0,ID_1217
5 Investors hedge inflation risk using index-linked bonds in a surprise move,finance,0,ID_1218
78 Investors hedge inflation risk using index-linked bonds dėl rinkos reakcijos,finance,0,ID_1219
"10 priežasčių, kodėl niekada nepirkti šio daikto — You won't believe it (Vilnius)",clickbait,1,ID_1220
26 10 reasons you should never buy this gadget — Number 5 is shocking,clickbait,1,ID_1221
38 Didelė saugumo spraga paveikė milijonus vartotojų amid concerns,tech,0,ID_1222
22 Vietos komanda laimėjo nacionalinį čempionatą pratęsimuose,sports,0,ID_1223
"51 10 priežasčių, kodėl niekada nepirkti šio daikto — Read more",clickbait,1,ID_1224
16 Perėjimų gandai: jaunas puolėjas gali kainuoti rekordą (Paris),sports,0,ID_1225
92 Vietos komanda laimėjo nacionalinį čempionatą pratęsimuose,sports,0,ID_1226
69 Star player signs a multi-year contract with club po pranešimo,sports,0,ID_1227
73 Earnings beat expectations as revenue grows in cloud segment,finance,0,ID_1228
63 Messi įmušė įspūdingą įvartį Lygų taurėje (London),sports,0,ID_1229
Investors hedge inflation risk using index-linked bonds po pranešimo (Vilnius),finance,0,ID_1230
76 Apple unveils a new iPhone with advanced camera and AI features analitikų teigimu,tech,0,ID_1231
Vietos komanda laimėjo nacionalinį čempionatą pratęsimuose po pranešimo (Madrid),sports,0,ID_1232
88 Earnings beat expectations as revenue grows in cloud segment (Madrid),finance,0,ID_1233
97 Messi scores a stunning goal in the Champions League match (Kaunas),sports,0,ID_1234
Vietos komanda laimėjo nacionalinį čempionatą pratęsimuose po pranešimo (Kaunas),sports,0,ID_1235
15 Stock market falls amid inflation concerns,finance,0,ID_1236
65 Top 7 secrets companies don't want you to know,clickbait,0,ID_1237
"Central bank cuts rates, markets rally on dovish guidance after report (Vilnius)",finance,0,ID_1238
74 Top 7 secrets companies don't want you to know (Berlin),clickbait,1,ID_1239
34 Transfer rumors suggest a record deal for the young striker (Vilnius),sports,0,ID_1240
22 Apple unveils a new iPhone with advanced camera and AI features,tech,0,ID_1241
19 Šis triukas pakeis jūsų gyvenimą amžiams,clickbait,1,ID_1242
30 10 reasons you should never buy this gadget,clickbait,0,ID_1243
83 This trick will change your life forever (New York),clickbait,1,ID_1244
Žvaigždė pasirašė daugiametę sutartį su klubu — analysts say,sports,0,ID_1245
Vietos komanda laimėjo nacionalinį čempionatą pratęsimuose in a surprise move,sports,0,ID_1246
14 How to speed up your computer with simple tweaks,tech,0,ID_1247
60 Local team wins national championship in overtime,sports,0,ID_1248
99 How to speed up your computer with simple tweaks,tech,0,ID_1249
"63 10 priežasčių, kodėl niekada nepirkti šio daikto — You won't believe it (Paris)",clickbait,1,ID_1250
Startuolis pritraukė 50 mln. USD DI platformos plėtrai po pranešimo (Vilnius),tech,0,ID_1251
49 Coach explains new defensive tactics after the game po pranešimo,sports,0,ID_1252
29 Kaip pagreitinti kompiuterį paprastais triukais,tech,0,ID_1253
10 reasons you should never buy this gadget — Read more (Kaunas),clickbait,1,ID_1254
99 Star player signs a multi-year contract with club,sports,0,ID_1255
88 Top 7 secrets companies don't want you to know (Berlin),clickbait,0,ID_1256
52 Start-up raises $50 million to scale its AI platform,tech,0,ID_1257
55 Earnings beat expectations as revenue grows in cloud segment after report,finance,0,ID_1258
12 Atviro kodo bibliotekos pagreitina mašininio mokymosi procesus,tech,0,ID_1259
15 Perėjimų gandai: jaunas puolėjas gali kainuoti rekordą,sports,0,ID_1260
34 Transfer rumors suggest a record deal for the young striker,sports,0,ID_1261
60 „Apple“ pristatė naują iPhone su pažangia kamera ir DI funkcijomis (Madrid),tech,0,ID_1262
Vietos komanda laimėjo nacionalinį čempionatą pratęsimuose after report (Vilnius),sports,0,ID_1263
44 You won't believe what happened next,clickbait,0,ID_1264
Perėjimų gandai: jaunas puolėjas gali kainuoti rekordą po pranešimo (Paris),sports,0,ID_1265
25 Vietos komanda laimėjo nacionalinį čempionatą pratęsimuose,sports,0,ID_1266
59 Analysts predict record profits for the banking sector,finance,0,ID_1267
16 Treneris aiškino naują gynybos taktiką po rungtynių (New York),sports,0,ID_1268
93 Open-source libraries accelerate machine learning workflows,tech,0,ID_1269
64 How to speed up your computer with simple tweaks amid concerns (New York),tech,0,ID_1270
10 Žvaigždė pasirašė daugiametę sutartį su klubu,sports,0,ID_1271
9 Coach explains new defensive tactics after the game,sports,0,ID_1272
89 Coach explains new defensive tactics after the game po pranešimo,sports,0,ID_1273
Major security breach affects millions of users worldwide (Berlin),tech,0,ID_1274
69 Startuolis pritraukė 50 mln. USD DI platformos plėtrai,tech,0,ID_1275
79 Local team wins national championship in overtime,sports,0,ID_1276
36 Earnings beat expectations as revenue grows in cloud segment,finance,0,ID_1277
„Apple“ pristatė naują iPhone su pažangia kamera ir DI funkcijomis in a surprise move (Paris),tech,0,ID_1278
78 You won't believe what happened next,clickbait,1,ID_1279
36 Coach explains new defensive tactics after the game,sports,0,ID_1280
64 Messi scores a stunning goal in the Champions League match,sports,0,ID_1281
67 10 reasons you should never buy this gadget,clickbait,1,ID_1282
Open-source libraries accelerate machine learning workflows after report (Berlin),tech,0,ID_1283
80 Open-source libraries accelerate machine learning workflows,tech,0,ID_1284
94 Analysts predict record profits for the banking sector (Vilnius),finance,0,ID_1285
98 Žvaigždė pasirašė daugiametę sutartį su klubu,sports,0,ID_1286
43 This trick will change your life forever,clickbait,0,ID_1287
"87 10 priežasčių, kodėl niekada nepirkti šio daikto — Find out why",clickbait,1,ID_1288
80 Earnings beat expectations as revenue grows in cloud segment,finance,0,ID_1289
"75 Negalėsite patikėti, kas įvyko toliau",clickbait,1,ID_1290
89 Messi scores a stunning goal in the Champions League match,sports,0,ID_1291
19 You won't believe what happened next,clickbait,0,ID_1292
54 Didelė saugumo spraga paveikė milijonus vartotojų dėl rinkos reakcijos (London),tech,0,ID_1293
Kaip pagreitinti kompiuterį paprastais triukais po pranešimo (Madrid),tech,0,ID_1294
95 10 reasons you should never buy this gadget,clickbait,0,ID_1295
Didelė saugumo spraga paveikė milijonus vartotojų after report (Vilnius),tech,0,ID_1296
Transfer rumors suggest a record deal for the young striker (Vilnius),sports,0,ID_1297
Open-source libraries accelerate machine learning workflows in a surprise move (Kaunas),tech,0,ID_1298
66 Startuolis pritraukė 50 mln. USD DI platformos plėtrai,tech,0,ID_1299
18 Startuolis pritraukė 50 mln. USD DI platformos plėtrai (Berlin),tech,0,ID_1300
94 How to speed up your computer with simple tweaks (Vilnius),tech,0,ID_1301
22 Stock market falls amid inflation concerns dėl rinkos reakcijos (New York),finance,0,ID_1302
Top 7 secrets companies don't want you to know (Vilnius),clickbait,0,ID_1303
Kaip pagreitinti kompiuterį paprastais triukais analitikų teigimu,tech,0,ID_1304
This trick will change your life forever — Number 5 is shocking (Vilnius),clickbait,1,ID_1305
54 Apple unveils a new iPhone with advanced camera and AI features,tech,0,ID_1306
"86 Negalėsite patikėti, kas įvyko toliau — Number 5 is shocking",clickbait,1,ID_1307
39 She did X — what happens next will shock you,clickbait,1,ID_1308
Stock market falls amid inflation concerns (Madrid),finance,0,ID_1309
"4 Ji padarė X — kas nutiks toliau, pribloškia",clickbait,1,ID_1310
6 Coach explains new defensive tactics after the game,sports,0,ID_1311
20 Messi scores a stunning goal in the Champions League match po pranešimo,sports,0,ID_1312
How to speed up your computer with simple tweaks po pranešimo (London),tech,0,ID_1313
4 Local team wins national championship in overtime amid concerns (New York),sports,0,ID_1314
92 Investors hedge inflation risk using index-linked bonds,finance,0,ID_1315
22 Didelė saugumo spraga paveikė milijonus vartotojų,tech,0,ID_1316
54 10 reasons you should never buy this gadget,clickbait,1,ID_1317
Šis triukas pakeis jūsų gyvenimą amžiams — Find out why (Vilnius),clickbait,1,ID_1318
"Negalėsite patikėti, kas įvyko toliau — Number 5 is shocking",clickbait,1,ID_1319
Startuolis pritraukė 50 mln. USD DI platformos plėtrai po pranešimo (Berlin),tech,0,ID_1320
26 Major security breach affects millions of users worldwide,tech,0,ID_1321
This trick will change your life forever — Read more (New York),clickbait,1,ID_1322
74 Messi scores a stunning goal in the Champions League match,sports,0,ID_1323
Earnings beat expectations as revenue grows in cloud segment amid concerns (New York),finance,0,ID_1324
Messi įmušė įspūdingą įvartį Lygų taurėje (Kaunas),sports,0,ID_1325
43 Žvaigždė pasirašė daugiametę sutartį su klubu,sports,0,ID_1326
49 Coach explains new defensive tactics after the game (Vilnius),sports,0,ID_1327
52 Start-up raises $50 million to scale its AI platform (Berlin),tech,0,ID_1328
42 How to speed up your computer with simple tweaks,tech,0,ID_1329
45 Transfer rumors suggest a record deal for the young striker,sports,0,ID_1330
32 10 reasons you should never buy this gadget,clickbait,1,ID_1331
"Top 7 paslaptys, kurias įmonės nenori, kad žinotumėte — You won't believe it (New York)",clickbait,1,ID_1332
"43 10 priežasčių, kodėl niekada nepirkti šio daikto — Number 5 is shocking",clickbait,1,ID_1333
„Apple“ pristatė naują iPhone su pažangia kamera ir DI funkcijomis po pranešimo,tech,0,ID_1334
16 Messi scores a stunning goal in the Champions League match,sports,0,ID_1335
32 Apple unveils a new iPhone with advanced camera and AI features (London),tech,0,ID_1336
8 Transfer rumors suggest a record deal for the young striker (Madrid),sports,0,ID_1337
Vietos komanda laimėjo nacionalinį čempionatą pratęsimuose (Kaunas),sports,0,ID_1338
Vietos komanda laimėjo nacionalinį čempionatą pratęsimuose po pranešimo (Vilnius),sports,0,ID_1339
"10 Central bank cuts rates, markets rally on dovish guidance (Berlin)",finance,0,ID_1340
83 Didelė saugumo spraga paveikė milijonus vartotojų,tech,0,ID_1341
Transfer rumors suggest a record deal for the young striker po pranešimo (New York),sports,0,ID_1342
56 Kaip pagreitinti kompiuterį paprastais triukais,tech,0,ID_1343
Apple unveils a new iPhone with advanced camera and AI features (New York),tech,0,ID_1344
27 Analysts predict record profits for the banking sector,finance,0,ID_1345
40 How to speed up your computer with simple tweaks (Vilnius),tech,0,ID_1346
91 Open-source libraries accelerate machine learning workflows,tech,0,ID_1347
6 Atviro kodo bibliotekos pagreitina mašininio mokymosi procesus,tech,0,ID_1348
68 Messi įmušė įspūdingą įvartį Lygų taurėje (Vilnius),sports,0,ID_1349
54 Vietos komanda laimėjo nacionalinį čempionatą pratęsimuose,sports,0,ID_1350
14 Perėjimų gandai: jaunas puolėjas gali kainuoti rekordą,sports,0,ID_1351
96 Kaip pagreitinti kompiuterį paprastais triukais (Kaunas),tech,0,ID_1352
67 Star player signs a multi-year contract with club analitikų teigimu,sports,0,ID_1353
She did X — what happens next will shock you — You won't believe it (Paris),clickbait,1,ID_1354
53 You won't believe what happened next (Kaunas),clickbait,0,ID_1355
33 Atviro kodo bibliotekos pagreitina mašininio mokymosi procesus (Paris),tech,0,ID_1356
14 Star player signs a multi-year contract with club,sports,0,ID_1357
30 Open-source libraries accelerate machine learning workflows,tech,0,ID_1358
56 Coach explains new defensive tactics after the game,sports,0,ID_1359
35 10 reasons you should never buy this gadget (Madrid),clickbait,0,ID_1360
19 Messi scores a stunning goal in the Champions League match in a surprise move,sports,0,ID_1361
6 10 reasons you should never buy this gadget,clickbait,0,ID_1362
26 Open-source libraries accelerate machine learning workflows (New York),tech,0,ID_1363
Start-up raises $50 million to scale its AI platform after report (Vilnius),tech,0,ID_1364
Transfer rumors suggest a record deal for the young striker after report (New York),sports,0,ID_1365
7 Stock market falls amid inflation concerns,finance,0,ID_1366
Messi įmušė įspūdingą įvartį Lygų taurėje dėl rinkos reakcijos (London),sports,0,ID_1367
She did X — what happens next will shock you — Find out why (New York),clickbait,1,ID_1368
37 Startuolis pritraukė 50 mln. USD DI platformos plėtrai,tech,0,ID_1369
56 Didelė saugumo spraga paveikė milijonus vartotojų,tech,0,ID_1370
Startuolis pritraukė 50 mln. USD DI platformos plėtrai (Paris),tech,0,ID_1371
92 Apple unveils a new iPhone with advanced camera and AI features (Madrid),tech,0,ID_1372
77 Atviro kodo bibliotekos pagreitina mašininio mokymosi procesus,tech,0,ID_1373
Analysts predict record profits for the banking sector in a surprise move,finance,0,ID_1374
45 She did X — what happens next will shock you,clickbait,0,ID_1375
Earnings beat expectations as revenue grows in cloud segment (Paris),finance,0,ID_1376
60 Star player signs a multi-year contract with club,sports,0,ID_1377
36 You won't believe what happened next (Madrid),clickbait,1,ID_1378
87 Startuolis pritraukė 50 mln. USD DI platformos plėtrai,tech,0,ID_1379
11 Transfer rumors suggest a record deal for the young striker po pranešimo (Berlin),sports,0,ID_1380
36 Star player signs a multi-year contract with club,sports,0,ID_1381
"10 priežasčių, kodėl niekada nepirkti šio daikto — Number 5 is shocking (Berlin)",clickbait,1,ID_1382
This trick will change your life forever — You won't believe it (London),clickbait,1,ID_1383
62 Earnings beat expectations as revenue grows in cloud segment analitikų teigimu,finance,0,ID_1384
Star player signs a multi-year contract with club — analysts say,sports,0,ID_1385
41 How to speed up your computer with simple tweaks after report,tech,0,ID_1386
"Top 7 paslaptys, kurias įmonės nenori, kad žinotumėte — Find out why (Berlin)",clickbait,1,ID_1387
26 Star player signs a multi-year contract with club analitikų teigimu,sports,0,ID_1388
53 Investors hedge inflation risk using index-linked bonds,finance,0,ID_1389
Star player signs a multi-year contract with club (Madrid),sports,0,ID_1390
Vietos komanda laimėjo nacionalinį čempionatą pratęsimuose as markets react (Berlin),sports,0,ID_1391
82 Coach explains new defensive tactics after the game,sports,0,ID_1392
Žvaigždė pasirašė daugiametę sutartį su klubu po pranešimo (Madrid),sports,0,ID_1393
95 „Apple“ pristatė naują iPhone su pažangia kamera ir DI funkcijomis (Vilnius),tech,0,ID_1394
"59 Central bank cuts rates, markets rally on dovish guidance",finance,0,ID_1395
94 Startuolis pritraukė 50 mln. USD DI platformos plėtrai (New York),tech,0,ID_1396
71 Start-up raises $50 million to scale its AI platform,tech,0,ID_1397
11 She did X — what happens next will shock you — You won't believe it (London),clickbait,1,ID_1398
"6 Top 7 paslaptys, kurias įmonės nenori, kad žinotumėte",clickbait,1,ID_1399
46 You won't believe what happened next,clickbait,0,ID_1400
"10 priežasčių, kodėl niekada nepirkti šio daikto — Number 5 is shocking",clickbait,1,ID_1401
98 Startuolis pritraukė 50 mln. USD DI platformos plėtrai (Madrid),tech,0,ID_1402
"Top 7 paslaptys, kurias įmonės nenori, kad žinotumėte — You won't believe it",clickbait,1,ID_1403
89 Open-source libraries accelerate machine learning workflows analitikų teigimu,tech,0,ID_1404
23 Analysts predict record profits for the banking sector,finance,0,ID_1405
41 Start-up raises $50 million to scale its AI platform,tech,0,ID_1406
55 Startuolis pritraukė 50 mln. USD DI platformos plėtrai analitikų teigimu,tech,0,ID_1407
You won't believe what happened next (London),clickbait,1,ID_1408
36 Šis triukas pakeis jūsų gyvenimą amžiams — Number 5 is shocking,clickbait,1,ID_1409
Apple unveils a new iPhone with advanced camera and AI features (Kaunas),tech,0,ID_1410
58 Stock market falls amid inflation concerns,finance,0,ID_1411
"19 Ji padarė X — kas nutiks toliau, pribloškia",clickbait,1,ID_1412
59 You won't believe what happened next,clickbait,0,ID_1413
63 Messi įmušė įspūdingą įvartį Lygų taurėje (Vilnius),sports,0,ID_1414
60 Top 7 secrets companies don't want you to know (Paris),clickbait,0,ID_1415
19 Šis triukas pakeis jūsų gyvenimą amžiams — Read more,clickbait,1,ID_1416
7 Analysts predict record profits for the banking sector in a surprise move,finance,0,ID_1417
98 How to speed up your computer with simple tweaks dėl rinkos reakcijos (Madrid),tech,0,ID_1418
21 Apple unveils a new iPhone with advanced camera and AI features,tech,0,ID_1419
29 Atviro kodo bibliotekos pagreitina mašininio mokymosi procesus,tech,0,ID_1420
"93 Negalėsite patikėti, kas įvyko toliau",clickbait,1,ID_1421
Stock market falls amid inflation concerns amid concerns (New York),finance,0,ID_1422
Kaip pagreitinti kompiuterį paprastais triukais after report (London),tech,0,ID_1423
93 „Apple“ pristatė naują iPhone su pažangia kamera ir DI funkcijomis,tech,0,ID_1424
Startuolis pritraukė 50 mln. USD DI platformos plėtrai in a surprise move (Berlin),tech,0,ID_1425
68 Šis triukas pakeis jūsų gyvenimą amžiams,clickbait,1,ID_1426
24 Messi scores a stunning goal in the Champions League match,sports,0,ID_1427
95 Coach explains new defensive tactics after the game,sports,0,ID_1428
99 Apple unveils a new iPhone with advanced camera and AI features (Vilnius),tech,0,ID_1429
41 Star player signs a multi-year contract with club po pranešimo,sports,0,ID_1430
Atviro kodo bibliotekos pagreitina mašininio mokymosi procesus — analysts say,tech,0,ID_1431
27 Messi įmušė įspūdingą įvartį Lygų taurėje,sports,0,ID_1432
24 „Apple“ pristatė naują iPhone su pažangia kamera ir DI funkcijomis,tech,0,ID_1433
7 Šis triukas pakeis jūsų gyvenimą amžiams — Read more,clickbait,1,ID_1434
34 Vietos komanda laimėjo nacionalinį čempionatą pratęsimuose after report,sports,0,ID_1435
65 Messi scores a stunning goal in the Champions League match,sports,0,ID_1436
67 Major security breach affects millions of users worldwide,tech,0,ID_1437
Perėjimų gandai: jaunas puolėjas gali kainuoti rekordą (Kaunas),sports,0,ID_1438
"27 Ji padarė X — kas nutiks toliau, pribloškia",clickbait,1,ID_1439
48 Messi įmušė įspūdingą įvartį Lygų taurėje analitikų teigimu,sports,0,ID_1440
53 Didelė saugumo spraga paveikė milijonus vartotojų,tech,0,ID_1441
37 Star player signs a multi-year contract with club (London),sports,0,ID_1442
"42 10 priežasčių, kodėl niekada nepirkti šio daikto",clickbait,1,ID_1443
37 Kaip pagreitinti kompiuterį paprastais triukais,tech,0,ID_1444
33 Start-up raises $50 million to scale its AI platform po pranešimo,tech,0,ID_1445
Messi įmušė įspūdingą įvartį Lygų taurėje — analysts say,sports,0,ID_1446
"94 Central bank cuts rates, markets rally on dovish guidance (Paris)",finance,0,ID_1447
36 Perėjimų gandai: jaunas puolėjas gali kainuoti rekordą,sports,0,ID_1448
91 Žvaigždė pasirašė daugiametę sutartį su klubu (New York),sports,0,ID_1449
55 Šis triukas pakeis jūsų gyvenimą amžiams,clickbait,1,ID_1450
58 „Apple“ pristatė naują iPhone su pažangia kamera ir DI funkcijomis in a surprise move,tech,0,ID_1451
36 Top 7 secrets companies don't want you to know,clickbait,0,ID_1452
7 Coach explains new defensive tactics after the game,sports,0,ID_1453
"61 Ji padarė X — kas nutiks toliau, pribloškia",clickbait,1,ID_1454
"Central bank cuts rates, markets rally on dovish guidance — analysts say (London)",finance,0,ID_1455
17 Perėjimų gandai: jaunas puolėjas gali kainuoti rekordą (Kaunas),sports,0,ID_1456
81 Perėjimų gandai: jaunas puolėjas gali kainuoti rekordą (Paris),sports,0,ID_1457
54 Messi scores a stunning goal in the Champions League match,sports,0,ID_1458
80 This trick will change your life forever (Vilnius),clickbait,1,ID_1459
"81 Central bank cuts rates, markets rally on dovish guidance",finance,0,ID_1460
96 Analysts predict record profits for the banking sector,finance,0,ID_1461
9 Šis triukas pakeis jūsų gyvenimą amžiams,clickbait,1,ID_1462
48 Messi įmušė įspūdingą įvartį Lygų taurėje (London),sports,0,ID_1463
Kaip pagreitinti kompiuterį paprastais triukais dėl rinkos reakcijos (New York),tech,0,ID_1464
41 Stock market falls amid inflation concerns,finance,0,ID_1465
19 Startuolis pritraukė 50 mln. USD DI platformos plėtrai,tech,0,ID_1466
"Central bank cuts rates, markets rally on dovish guidance in a surprise move (Berlin)",finance,0,ID_1467
82 10 reasons you should never buy this gadget,clickbait,0,ID_1468
66 This trick will change your life forever — Find out why,clickbait,1,ID_1469
5 Kaip pagreitinti kompiuterį paprastais triukais,tech,0,ID_1470
Atviro kodo bibliotekos pagreitina mašininio mokymosi procesus analitikų teigimu (Kaunas),tech,0,ID_1471
2 Messi scores a stunning goal in the Champions League match as markets react,sports,0,ID_1472
Analysts predict record profits for the banking sector — analysts say,finance,0,ID_1473
48 Investors hedge inflation risk using index-linked bonds,finance,0,ID_1474
15 Analysts predict record profits for the banking sector in a surprise move (New York),finance,0,ID_1475
7 Apple unveils a new iPhone with advanced camera and AI features,tech,0,ID_1476
22 Earnings beat expectations as revenue grows in cloud segment,finance,0,ID_1477
She did X — what happens next will shock you,clickbait,0,ID_1478
82 This trick will change your life forever,clickbait,0,ID_1479
"94 10 priežasčių, kodėl niekada nepirkti šio daikto — You won't believe it",clickbait,1,ID_1480
40 Analysts predict record profits for the banking sector,finance,0,ID_1481
"56 Top 7 paslaptys, kurias įmonės nenori, kad žinotumėte (Vilnius)",clickbait,1,ID_1482
84 Atviro kodo bibliotekos pagreitina mašininio mokymosi procesus,tech,0,ID_1483
65 This trick will change your life forever,clickbait,1,ID_1484
"2 Ji padarė X — kas nutiks toliau, pribloškia",clickbait,1,ID_1485
Earnings beat expectations as revenue grows in cloud segment analitikų teigimu (Madrid),finance,0,ID_1486
20 10 reasons you should never buy this gadget,clickbait,0,ID_1487
76 Šis triukas pakeis jūsų gyvenimą amžiams,clickbait,1,ID_1488
64 Local team wins national championship in overtime,sports,0,ID_1489
Earnings beat expectations as revenue grows in cloud segment after report,finance,0,ID_1490
62 Apple unveils a new iPhone with advanced camera and AI features,tech,0,ID_1491
96 Earnings beat expectations as revenue grows in cloud segment (Kaunas),finance,0,ID_1492
Didelė saugumo spraga paveikė milijonus vartotojų po pranešimo,tech,0,ID_1493
Major security breach affects millions of users worldwide amid concerns (London),tech,0,ID_1494
89 10 reasons you should never buy this gadget,clickbait,1,ID_1495
3 How to speed up your computer with simple tweaks,tech,0,ID_1496
81 Open-source libraries accelerate machine learning workflows amid concerns,tech,0,ID_1497
This trick will change your life forever — Find out why (Kaunas),clickbait,1,ID_1498
68 Coach explains new defensive tactics after the game,sports,0,ID_1499
